<?xml version="1.0" encoding="UTF-8"?>
	<graphml xmlns="http://www.w3schools.com"
	xmlns:xsi="http://www.w3.org/2001/XMLSchema-instance"
	xsi:schemaLocation="wopanets_graph.xsd">
	<graph edgedefault="undirected">
		<TRANS_CAPACITY>100000000</TRANS_CAPACITY>
		<technology>AFDX</technology>
		<engine>null</engine>
		<engineOption>null</engineOption>
		<redundancy>false</redundancy>
		<GRAPH_TYPE>null</GRAPH_TYPE>
		<SHORTEST_PATH_POLICY>null</SHORTEST_PATH_POLICY>
		<OPTMIZED_VARS></OPTMIZED_VARS>
		<defaultPerspective>null</defaultPerspective>
		<USE_TECHNO_PRIO>True</USE_TECHNO_PRIO>
		<PRIO_NUMBER>-1</PRIO_NUMBER>
		<name>Z_GRID_3x3</name>
		<description><![CDATA[]]></description>
		<duplexMode>FullDuplex</duplexMode>
		<qosClassNum>2</qosClassNum>
		<tabDyn>false</tabDyn>
		<frameStruct>false</frameStruct>
		<subVlMult>false</subVlMult>
		<node classId="AFDXSwitch" id="1" lid="1" name="Switch 1" nodeType="switch">
			<nodeName>Switch 1</nodeName>
			<portNumber>16</portNumber>
			<portOrganization>NONE</portOrganization>
			<transCapacity>100000000</transCapacity>
			<id>1</id>
			<lid>1</lid>
			<redundancyMode>MAIN</redundancyMode>
			<ServicePolicy>FIRST_IN_FIRST_OUT</ServicePolicy>
			<techLatency>0</techLatency>
			<swTech>CUT_THROUGH</swTech>
			<weight>-1</weight>
			<outBuffer>65536</outBuffer>
			<tramesLimit>1024</tramesLimit>
			<nodeIP>-.-.-.-</nodeIP>
			<NODE_IMAGE>switch.png</NODE_IMAGE>
			<GROUPING_SWITCHES>NONE</GROUPING_SWITCHES>
		</node>
		<node classId="AFDXSwitch" id="2" lid="2" name="Switch 2" nodeType="switch">
			<nodeName>Switch 2</nodeName>
			<portNumber>16</portNumber>
			<portOrganization>NONE</portOrganization>
			<transCapacity>100000000</transCapacity>
			<id>2</id>
			<lid>2</lid>
			<redundancyMode>MAIN</redundancyMode>
			<ServicePolicy>FIRST_IN_FIRST_OUT</ServicePolicy>
			<techLatency>0</techLatency>
			<swTech>CUT_THROUGH</swTech>
			<weight>-1</weight>
			<outBuffer>65536</outBuffer>
			<tramesLimit>1024</tramesLimit>
			<nodeIP>-.-.-.-</nodeIP>
			<NODE_IMAGE>switch.png</NODE_IMAGE>
			<GROUPING_SWITCHES>NONE</GROUPING_SWITCHES>
		</node>
		<node classId="AFDXSwitch" id="3" lid="3" name="Switch 3" nodeType="switch">
			<nodeName>Switch 3</nodeName>
			<portNumber>16</portNumber>
			<portOrganization>NONE</portOrganization>
			<transCapacity>100000000</transCapacity>
			<id>3</id>
			<lid>3</lid>
			<redundancyMode>MAIN</redundancyMode>
			<ServicePolicy>FIRST_IN_FIRST_OUT</ServicePolicy>
			<techLatency>0</techLatency>
			<swTech>CUT_THROUGH</swTech>
			<weight>-1</weight>
			<outBuffer>65536</outBuffer>
			<tramesLimit>1024</tramesLimit>
			<nodeIP>-.-.-.-</nodeIP>
			<NODE_IMAGE>switch.png</NODE_IMAGE>
			<GROUPING_SWITCHES>NONE</GROUPING_SWITCHES>
		</node>
		<node classId="AFDXSwitch" id="4" lid="4" name="Switch 4" nodeType="switch">
			<nodeName>Switch 4</nodeName>
			<portNumber>16</portNumber>
			<portOrganization>NONE</portOrganization>
			<transCapacity>100000000</transCapacity>
			<id>4</id>
			<lid>4</lid>
			<redundancyMode>MAIN</redundancyMode>
			<ServicePolicy>FIRST_IN_FIRST_OUT</ServicePolicy>
			<techLatency>0</techLatency>
			<swTech>CUT_THROUGH</swTech>
			<weight>-1</weight>
			<outBuffer>65536</outBuffer>
			<tramesLimit>1024</tramesLimit>
			<nodeIP>-.-.-.-</nodeIP>
			<NODE_IMAGE>switch.png</NODE_IMAGE>
			<GROUPING_SWITCHES>NONE</GROUPING_SWITCHES>
		</node>
		<node classId="AFDXSwitch" id="5" lid="5" name="Switch 5" nodeType="switch">
			<nodeName>Switch 5</nodeName>
			<portNumber>16</portNumber>
			<portOrganization>NONE</portOrganization>
			<transCapacity>100000000</transCapacity>
			<id>5</id>
			<lid>5</lid>
			<redundancyMode>MAIN</redundancyMode>
			<ServicePolicy>FIRST_IN_FIRST_OUT</ServicePolicy>
			<techLatency>0</techLatency>
			<swTech>CUT_THROUGH</swTech>
			<weight>-1</weight>
			<outBuffer>65536</outBuffer>
			<tramesLimit>1024</tramesLimit>
			<nodeIP>-.-.-.-</nodeIP>
			<NODE_IMAGE>switch.png</NODE_IMAGE>
			<GROUPING_SWITCHES>NONE</GROUPING_SWITCHES>
		</node>
		<node classId="AFDXSwitch" id="6" lid="6" name="Switch 6" nodeType="switch">
			<nodeName>Switch 6</nodeName>
			<portNumber>16</portNumber>
			<portOrganization>NONE</portOrganization>
			<transCapacity>100000000</transCapacity>
			<id>6</id>
			<lid>6</lid>
			<redundancyMode>MAIN</redundancyMode>
			<ServicePolicy>FIRST_IN_FIRST_OUT</ServicePolicy>
			<techLatency>0</techLatency>
			<swTech>CUT_THROUGH</swTech>
			<weight>-1</weight>
			<outBuffer>65536</outBuffer>
			<tramesLimit>1024</tramesLimit>
			<nodeIP>-.-.-.-</nodeIP>
			<NODE_IMAGE>switch.png</NODE_IMAGE>
			<GROUPING_SWITCHES>NONE</GROUPING_SWITCHES>
		</node>
		<node classId="AFDXSwitch" id="7" lid="7" name="Switch 7" nodeType="switch">
			<nodeName>Switch 7</nodeName>
			<portNumber>16</portNumber>
			<portOrganization>NONE</portOrganization>
			<transCapacity>100000000</transCapacity>
			<id>7</id>
			<lid>7</lid>
			<redundancyMode>MAIN</redundancyMode>
			<ServicePolicy>FIRST_IN_FIRST_OUT</ServicePolicy>
			<techLatency>0</techLatency>
			<swTech>CUT_THROUGH</swTech>
			<weight>-1</weight>
			<outBuffer>65536</outBuffer>
			<tramesLimit>1024</tramesLimit>
			<nodeIP>-.-.-.-</nodeIP>
			<NODE_IMAGE>switch.png</NODE_IMAGE>
			<GROUPING_SWITCHES>NONE</GROUPING_SWITCHES>
		</node>
		<node classId="AFDXSwitch" id="8" lid="8" name="Switch 8" nodeType="switch">
			<nodeName>Switch 8</nodeName>
			<portNumber>16</portNumber>
			<portOrganization>NONE</portOrganization>
			<transCapacity>100000000</transCapacity>
			<id>8</id>
			<lid>8</lid>
			<redundancyMode>MAIN</redundancyMode>
			<ServicePolicy>FIRST_IN_FIRST_OUT</ServicePolicy>
			<techLatency>0</techLatency>
			<swTech>CUT_THROUGH</swTech>
			<weight>-1</weight>
			<outBuffer>65536</outBuffer>
			<tramesLimit>1024</tramesLimit>
			<nodeIP>-.-.-.-</nodeIP>
			<NODE_IMAGE>switch.png</NODE_IMAGE>
			<GROUPING_SWITCHES>NONE</GROUPING_SWITCHES>
		</node>
		<node classId="AFDXSwitch" id="9" lid="9" name="Switch 9" nodeType="switch">
			<nodeName>Switch 9</nodeName>
			<portNumber>16</portNumber>
			<portOrganization>NONE</portOrganization>
			<transCapacity>100000000</transCapacity>
			<id>9</id>
			<lid>9</lid>
			<redundancyMode>MAIN</redundancyMode>
			<ServicePolicy>FIRST_IN_FIRST_OUT</ServicePolicy>
			<techLatency>0</techLatency>
			<swTech>CUT_THROUGH</swTech>
			<weight>-1</weight>
			<outBuffer>65536</outBuffer>
			<tramesLimit>1024</tramesLimit>
			<nodeIP>-.-.-.-</nodeIP>
			<NODE_IMAGE>switch.png</NODE_IMAGE>
			<GROUPING_SWITCHES>NONE</GROUPING_SWITCHES>
		</node>
		<node classId="AFDXStation" id="22" lid="1" name="In1" nodeType="station">
			<nodeName>In1</nodeName>
			<portNumber>1</portNumber>
			<portOrganization>NONE</portOrganization>
			<transCapacity>100000000</transCapacity>
			<id>22</id>
			<lid>1</lid>
			<redundancyMode>BOTH</redundancyMode>
			<ServicePolicy>FIRST_IN_FIRST_OUT</ServicePolicy>
			<subvlMult>Disabled</subvlMult>
			<subvlMultPolicy>ROUND_ROBIN</subvlMultPolicy>
			<datapacking>Off</datapacking>
			<dpStrategy>NONE</dpStrategy>
			<framestructure>Implicit</framestructure>
			<NODE_IMAGE>Gray.png</NODE_IMAGE>
			<GROUPING_SWITCHES>NONE</GROUPING_SWITCHES>
		</node>
		<node classId="AFDXStation" id="23" lid="2" name="In2" nodeType="station">
			<nodeName>In2</nodeName>
			<portNumber>1</portNumber>
			<portOrganization>NONE</portOrganization>
			<transCapacity>100000000</transCapacity>
			<id>23</id>
			<lid>2</lid>
			<redundancyMode>BOTH</redundancyMode>
			<ServicePolicy>FIRST_IN_FIRST_OUT</ServicePolicy>
			<subvlMult>Disabled</subvlMult>
			<subvlMultPolicy>ROUND_ROBIN</subvlMultPolicy>
			<datapacking>Off</datapacking>
			<dpStrategy>NONE</dpStrategy>
			<framestructure>Implicit</framestructure>
			<NODE_IMAGE>Gray.png</NODE_IMAGE>
			<GROUPING_SWITCHES>NONE</GROUPING_SWITCHES>
		</node>
		<node classId="AFDXStation" id="24" lid="3" name="In3" nodeType="station">
			<nodeName>In3</nodeName>
			<portNumber>1</portNumber>
			<portOrganization>NONE</portOrganization>
			<transCapacity>100000000</transCapacity>
			<id>24</id>
			<lid>3</lid>
			<redundancyMode>BOTH</redundancyMode>
			<ServicePolicy>FIRST_IN_FIRST_OUT</ServicePolicy>
			<subvlMult>Disabled</subvlMult>
			<subvlMultPolicy>ROUND_ROBIN</subvlMultPolicy>
			<datapacking>Off</datapacking>
			<dpStrategy>NONE</dpStrategy>
			<framestructure>Implicit</framestructure>
			<NODE_IMAGE>Gray.png</NODE_IMAGE>
			<GROUPING_SWITCHES>NONE</GROUPING_SWITCHES>
		</node>
		<node classId="AFDXStation" id="25" lid="4" name="Out1" nodeType="station">
			<nodeName>Out1</nodeName>
			<portNumber>1</portNumber>
			<portOrganization>NONE</portOrganization>
			<transCapacity>100000000</transCapacity>
			<id>25</id>
			<lid>4</lid>
			<redundancyMode>BOTH</redundancyMode>
			<ServicePolicy>FIRST_IN_FIRST_OUT</ServicePolicy>
			<subvlMult>Disabled</subvlMult>
			<subvlMultPolicy>ROUND_ROBIN</subvlMultPolicy>
			<datapacking>Off</datapacking>
			<dpStrategy>NONE</dpStrategy>
			<framestructure>Implicit</framestructure>
			<NODE_IMAGE>Gray.png</NODE_IMAGE>
			<GROUPING_SWITCHES>NONE</GROUPING_SWITCHES>
		</node>
		<node classId="AFDXStation" id="26" lid="5" name="Out2" nodeType="station">
			<nodeName>Out2</nodeName>
			<portNumber>1</portNumber>
			<portOrganization>NONE</portOrganization>
			<transCapacity>100000000</transCapacity>
			<id>26</id>
			<lid>5</lid>
			<redundancyMode>BOTH</redundancyMode>
			<ServicePolicy>FIRST_IN_FIRST_OUT</ServicePolicy>
			<subvlMult>Disabled</subvlMult>
			<subvlMultPolicy>ROUND_ROBIN</subvlMultPolicy>
			<datapacking>Off</datapacking>
			<dpStrategy>NONE</dpStrategy>
			<framestructure>Implicit</framestructure>
			<NODE_IMAGE>Gray.png</NODE_IMAGE>
			<GROUPING_SWITCHES>NONE</GROUPING_SWITCHES>
		</node>
		<node classId="AFDXStation" id="27" lid="6" name="Out3" nodeType="station">
			<nodeName>Out3</nodeName>
			<portNumber>1</portNumber>
			<portOrganization>NONE</portOrganization>
			<transCapacity>100000000</transCapacity>
			<id>27</id>
			<lid>6</lid>
			<redundancyMode>BOTH</redundancyMode>
			<ServicePolicy>FIRST_IN_FIRST_OUT</ServicePolicy>
			<subvlMult>Disabled</subvlMult>
			<subvlMultPolicy>ROUND_ROBIN</subvlMultPolicy>
			<datapacking>Off</datapacking>
			<dpStrategy>NONE</dpStrategy>
			<framestructure>Implicit</framestructure>
			<NODE_IMAGE>Gray.png</NODE_IMAGE>
			<GROUPING_SWITCHES>NONE</GROUPING_SWITCHES>
		</node>
		<edge classId="AFDXEdge" id="10" lid="1" name="Edge 1" edgeType="link">
			<edgeSource nodeId="1" portNum="0"/>
			<edgeTarget nodeId="4" portNum="0"/>
			<edgeName>Edge 1</edgeName>
			<transCapacity>100000000</transCapacity>
			<edgeFrom>Switch 1</edgeFrom>
			<edgeTo>Switch 4</edgeTo>
			<portFrom>0</portFrom>
			<portTo>0</portTo>
			<id>10</id>
			<lid>1</lid>
			<edgeUsageDirect>-1</edgeUsageDirect>
			<edgeUsageReverse>-1</edgeUsageReverse>
			<redundancyMode>MAIN</redundancyMode>
			<duplexMode>FULL_DUPLEX</duplexMode>
		</edge>
		<edge classId="AFDXEdge" id="11" lid="2" name="Edge 2" edgeType="link">
			<edgeSource nodeId="4" portNum="1"/>
			<edgeTarget nodeId="7" portNum="0"/>
			<edgeName>Edge 2</edgeName>
			<transCapacity>100000000</transCapacity>
			<edgeFrom>Switch 4</edgeFrom>
			<edgeTo>Switch 7</edgeTo>
			<portFrom>1</portFrom>
			<portTo>0</portTo>
			<id>11</id>
			<lid>2</lid>
			<edgeUsageDirect>-1</edgeUsageDirect>
			<edgeUsageReverse>-1</edgeUsageReverse>
			<redundancyMode>MAIN</redundancyMode>
			<duplexMode>FULL_DUPLEX</duplexMode>
		</edge>
		<edge classId="AFDXEdge" id="12" lid="3" name="Edge 3" edgeType="link">
			<edgeSource nodeId="2" portNum="0"/>
			<edgeTarget nodeId="5" portNum="0"/>
			<edgeName>Edge 3</edgeName>
			<transCapacity>100000000</transCapacity>
			<edgeFrom>Switch 2</edgeFrom>
			<edgeTo>Switch 5</edgeTo>
			<portFrom>0</portFrom>
			<portTo>0</portTo>
			<id>12</id>
			<lid>3</lid>
			<edgeUsageDirect>-1</edgeUsageDirect>
			<edgeUsageReverse>-1</edgeUsageReverse>
			<redundancyMode>MAIN</redundancyMode>
			<duplexMode>FULL_DUPLEX</duplexMode>
		</edge>
		<edge classId="AFDXEdge" id="13" lid="4" name="Edge 4" edgeType="link">
			<edgeSource nodeId="5" portNum="1"/>
			<edgeTarget nodeId="8" portNum="0"/>
			<edgeName>Edge 4</edgeName>
			<transCapacity>100000000</transCapacity>
			<edgeFrom>Switch 5</edgeFrom>
			<edgeTo>Switch 8</edgeTo>
			<portFrom>1</portFrom>
			<portTo>0</portTo>
			<id>13</id>
			<lid>4</lid>
			<edgeUsageDirect>-1</edgeUsageDirect>
			<edgeUsageReverse>-1</edgeUsageReverse>
			<redundancyMode>MAIN</redundancyMode>
			<duplexMode>FULL_DUPLEX</duplexMode>
		</edge>
		<edge classId="AFDXEdge" id="14" lid="5" name="Edge 5" edgeType="link">
			<edgeSource nodeId="3" portNum="0"/>
			<edgeTarget nodeId="6" portNum="0"/>
			<edgeName>Edge 5</edgeName>
			<transCapacity>100000000</transCapacity>
			<edgeFrom>Switch 3</edgeFrom>
			<edgeTo>Switch 6</edgeTo>
			<portFrom>0</portFrom>
			<portTo>0</portTo>
			<id>14</id>
			<lid>5</lid>
			<edgeUsageDirect>-1</edgeUsageDirect>
			<edgeUsageReverse>-1</edgeUsageReverse>
			<redundancyMode>MAIN</redundancyMode>
			<duplexMode>FULL_DUPLEX</duplexMode>
		</edge>
		<edge classId="AFDXEdge" id="15" lid="6" name="Edge 6" edgeType="link">
			<edgeSource nodeId="6" portNum="1"/>
			<edgeTarget nodeId="9" portNum="0"/>
			<edgeName>Edge 6</edgeName>
			<transCapacity>100000000</transCapacity>
			<edgeFrom>Switch 6</edgeFrom>
			<edgeTo>Switch 9</edgeTo>
			<portFrom>1</portFrom>
			<portTo>0</portTo>
			<id>15</id>
			<lid>6</lid>
			<edgeUsageDirect>-1</edgeUsageDirect>
			<edgeUsageReverse>-1</edgeUsageReverse>
			<redundancyMode>MAIN</redundancyMode>
			<duplexMode>FULL_DUPLEX</duplexMode>
		</edge>
		<edge classId="AFDXEdge" id="16" lid="7" name="Edge 7" edgeType="link">
			<edgeSource nodeId="1" portNum="1"/>
			<edgeTarget nodeId="2" portNum="1"/>
			<edgeName>Edge 7</edgeName>
			<transCapacity>100000000</transCapacity>
			<edgeFrom>Switch 1</edgeFrom>
			<edgeTo>Switch 2</edgeTo>
			<portFrom>1</portFrom>
			<portTo>1</portTo>
			<id>16</id>
			<lid>7</lid>
			<edgeUsageDirect>-1</edgeUsageDirect>
			<edgeUsageReverse>-1</edgeUsageReverse>
			<redundancyMode>MAIN</redundancyMode>
			<duplexMode>FULL_DUPLEX</duplexMode>
		</edge>
		<edge classId="AFDXEdge" id="17" lid="8" name="Edge 8" edgeType="link">
			<edgeSource nodeId="2" portNum="2"/>
			<edgeTarget nodeId="3" portNum="1"/>
			<edgeName>Edge 8</edgeName>
			<transCapacity>100000000</transCapacity>
			<edgeFrom>Switch 2</edgeFrom>
			<edgeTo>Switch 3</edgeTo>
			<portFrom>2</portFrom>
			<portTo>1</portTo>
			<id>17</id>
			<lid>8</lid>
			<edgeUsageDirect>-1</edgeUsageDirect>
			<edgeUsageReverse>-1</edgeUsageReverse>
			<redundancyMode>MAIN</redundancyMode>
			<duplexMode>FULL_DUPLEX</duplexMode>
		</edge>
		<edge classId="AFDXEdge" id="18" lid="9" name="Edge 9" edgeType="link">
			<edgeSource nodeId="5" portNum="2"/>
			<edgeTarget nodeId="6" portNum="2"/>
			<edgeName>Edge 9</edgeName>
			<transCapacity>100000000</transCapacity>
			<edgeFrom>Switch 5</edgeFrom>
			<edgeTo>Switch 6</edgeTo>
			<portFrom>2</portFrom>
			<portTo>2</portTo>
			<id>18</id>
			<lid>9</lid>
			<edgeUsageDirect>-1</edgeUsageDirect>
			<edgeUsageReverse>-1</edgeUsageReverse>
			<redundancyMode>MAIN</redundancyMode>
			<duplexMode>FULL_DUPLEX</duplexMode>
		</edge>
		<edge classId="AFDXEdge" id="19" lid="10" name="Edge 10" edgeType="link">
			<edgeSource nodeId="4" portNum="2"/>
			<edgeTarget nodeId="5" portNum="3"/>
			<edgeName>Edge 10</edgeName>
			<transCapacity>100000000</transCapacity>
			<edgeFrom>Switch 4</edgeFrom>
			<edgeTo>Switch 5</edgeTo>
			<portFrom>2</portFrom>
			<portTo>3</portTo>
			<id>19</id>
			<lid>10</lid>
			<edgeUsageDirect>-1</edgeUsageDirect>
			<edgeUsageReverse>-1</edgeUsageReverse>
			<redundancyMode>MAIN</redundancyMode>
			<duplexMode>FULL_DUPLEX</duplexMode>
		</edge>
		<edge classId="AFDXEdge" id="20" lid="11" name="Edge 11" edgeType="link">
			<edgeSource nodeId="7" portNum="1"/>
			<edgeTarget nodeId="8" portNum="1"/>
			<edgeName>Edge 11</edgeName>
			<transCapacity>100000000</transCapacity>
			<edgeFrom>Switch 7</edgeFrom>
			<edgeTo>Switch 8</edgeTo>
			<portFrom>1</portFrom>
			<portTo>1</portTo>
			<id>20</id>
			<lid>11</lid>
			<edgeUsageDirect>-1</edgeUsageDirect>
			<edgeUsageReverse>-1</edgeUsageReverse>
			<redundancyMode>MAIN</redundancyMode>
			<duplexMode>FULL_DUPLEX</duplexMode>
		</edge>
		<edge classId="AFDXEdge" id="21" lid="12" name="Edge 12" edgeType="link">
			<edgeSource nodeId="8" portNum="2"/>
			<edgeTarget nodeId="9" portNum="1"/>
			<edgeName>Edge 12</edgeName>
			<transCapacity>100000000</transCapacity>
			<edgeFrom>Switch 8</edgeFrom>
			<edgeTo>Switch 9</edgeTo>
			<portFrom>2</portFrom>
			<portTo>1</portTo>
			<id>21</id>
			<lid>12</lid>
			<edgeUsageDirect>-1</edgeUsageDirect>
			<edgeUsageReverse>-1</edgeUsageReverse>
			<redundancyMode>MAIN</redundancyMode>
			<duplexMode>FULL_DUPLEX</duplexMode>
		</edge>
		<edge classId="AFDXEdge" id="28" lid="13" name="Edge 13" edgeType="link">
			<edgeSource nodeId="22" portNum="0"/>
			<edgeTarget nodeId="1" portNum="2"/>
			<edgeName>Edge 13</edgeName>
			<transCapacity>100000000</transCapacity>
			<edgeFrom>In1</edgeFrom>
			<edgeTo>Switch 1</edgeTo>
			<portFrom>0</portFrom>
			<portTo>2</portTo>
			<id>28</id>
			<lid>13</lid>
			<edgeUsageDirect>-1</edgeUsageDirect>
			<edgeUsageReverse>-1</edgeUsageReverse>
			<redundancyMode>MAIN</redundancyMode>
			<duplexMode>FULL_DUPLEX</duplexMode>
		</edge>
		<edge classId="AFDXEdge" id="29" lid="14" name="Edge 14" edgeType="link">
			<edgeSource nodeId="23" portNum="0"/>
			<edgeTarget nodeId="2" portNum="3"/>
			<edgeName>Edge 14</edgeName>
			<transCapacity>100000000</transCapacity>
			<edgeFrom>In2</edgeFrom>
			<edgeTo>Switch 2</edgeTo>
			<portFrom>0</portFrom>
			<portTo>3</portTo>
			<id>29</id>
			<lid>14</lid>
			<edgeUsageDirect>-1</edgeUsageDirect>
			<edgeUsageReverse>-1</edgeUsageReverse>
			<redundancyMode>MAIN</redundancyMode>
			<duplexMode>FULL_DUPLEX</duplexMode>
		</edge>
		<edge classId="AFDXEdge" id="30" lid="15" name="Edge 15" edgeType="link">
			<edgeSource nodeId="24" portNum="0"/>
			<edgeTarget nodeId="3" portNum="2"/>
			<edgeName>Edge 15</edgeName>
			<transCapacity>100000000</transCapacity>
			<edgeFrom>In3</edgeFrom>
			<edgeTo>Switch 3</edgeTo>
			<portFrom>0</portFrom>
			<portTo>2</portTo>
			<id>30</id>
			<lid>15</lid>
			<edgeUsageDirect>-1</edgeUsageDirect>
			<edgeUsageReverse>-1</edgeUsageReverse>
			<redundancyMode>MAIN</redundancyMode>
			<duplexMode>FULL_DUPLEX</duplexMode>
		</edge>
		<edge classId="AFDXEdge" id="31" lid="16" name="Edge 16" edgeType="link">
			<edgeSource nodeId="7" portNum="2"/>
			<edgeTarget nodeId="25" portNum="0"/>
			<edgeName>Edge 16</edgeName>
			<transCapacity>100000000</transCapacity>
			<edgeFrom>Switch 7</edgeFrom>
			<edgeTo>Out1</edgeTo>
			<portFrom>2</portFrom>
			<portTo>0</portTo>
			<id>31</id>
			<lid>16</lid>
			<edgeUsageDirect>-1</edgeUsageDirect>
			<edgeUsageReverse>-1</edgeUsageReverse>
			<redundancyMode>MAIN</redundancyMode>
			<duplexMode>FULL_DUPLEX</duplexMode>
		</edge>
		<edge classId="AFDXEdge" id="32" lid="17" name="Edge 17" edgeType="link">
			<edgeSource nodeId="8" portNum="3"/>
			<edgeTarget nodeId="26" portNum="0"/>
			<edgeName>Edge 17</edgeName>
			<transCapacity>100000000</transCapacity>
			<edgeFrom>Switch 8</edgeFrom>
			<edgeTo>Out2</edgeTo>
			<portFrom>3</portFrom>
			<portTo>0</portTo>
			<id>32</id>
			<lid>17</lid>
			<edgeUsageDirect>-1</edgeUsageDirect>
			<edgeUsageReverse>-1</edgeUsageReverse>
			<redundancyMode>MAIN</redundancyMode>
			<duplexMode>FULL_DUPLEX</duplexMode>
		</edge>
		<edge classId="AFDXEdge" id="33" lid="18" name="Edge 18" edgeType="link">
			<edgeSource nodeId="9" portNum="2"/>
			<edgeTarget nodeId="27" portNum="0"/>
			<edgeName>Edge 18</edgeName>
			<transCapacity>100000000</transCapacity>
			<edgeFrom>Switch 9</edgeFrom>
			<edgeTo>Out3</edgeTo>
			<portFrom>2</portFrom>
			<portTo>0</portTo>
			<id>33</id>
			<lid>18</lid>
			<edgeUsageDirect>-1</edgeUsageDirect>
			<edgeUsageReverse>-1</edgeUsageReverse>
			<redundancyMode>MAIN</redundancyMode>
			<duplexMode>FULL_DUPLEX</duplexMode>
		</edge>
	</graph>
</graphml>