<?xml version="1.0" encoding="UTF-8"?>
<graph>
<maxBacklogs>
<node id="1" name="Switch 1">
<portNumber id="0">3986.0</portNumber>
<portNumber id="1">1159.0</portNumber>
</node>
<node id="2" name="Switch 2">
<portNumber id="0">3672.0</portNumber>
<portNumber id="1">2416.0</portNumber>
<portNumber id="2">2416.0</portNumber>
</node>
<node id="3" name="Switch 3">
<portNumber id="0">3986.0</portNumber>
<portNumber id="1">1159.0</portNumber>
</node>
<node id="4" name="Switch 4">
<portNumber id="1">5006.0</portNumber>
</node>
<node id="5" name="Switch 5">
<portNumber id="1">4613.0</portNumber>
</node>
<node id="6" name="Switch 6">
<portNumber id="1">5006.0</portNumber>
</node>
<node id="7" name="Switch 7">
<portNumber id="2">6288.0</portNumber>
</node>
<node id="8" name="Switch 8">
<portNumber id="3">5794.0</portNumber>
</node>
<node id="9" name="Switch 9">
<portNumber id="2">6288.0</portNumber>
</node>
</maxBacklogs>
<maxDelays>
<flow id="34" name="AFDX Flow 1">
<target id="25" name="Out1">1308</target>
<target id="26" name="Out2">1305</target>
<target id="27" name="Out3">1594</target>
</flow>
<flow id="35" name="AFDX Flow 2">
<target id="25" name="Out1">1501</target>
<target id="26" name="Out2">1212</target>
<target id="27" name="Out3">1501</target>
</flow>
<flow id="36" name="AFDX Flow 3">
<target id="25" name="Out1">1594</target>
<target id="26" name="Out2">1305</target>
<target id="27" name="Out3">1308</target>
</flow>
</maxDelays>
<sinkJitters>
<flow id="34" name="AFDX Flow 1">
<target id="25" name="Out1">256</target>
<target id="26" name="Out2">341</target>
<target id="27" name="Out3">426</target>
</flow>
<flow id="35" name="AFDX Flow 2">
<target id="25" name="Out1">341</target>
<target id="26" name="Out2">256</target>
<target id="27" name="Out3">341</target>
</flow>
<flow id="36" name="AFDX Flow 3">
<target id="25" name="Out1">426</target>
<target id="26" name="Out2">341</target>
<target id="27" name="Out3">256</target>
</flow>
</sinkJitters>
<linkLoad>
<edge id="11" name="Edge 2">
<direct>2.5607998783685323E7</direct>
<reverse>0.0</reverse>
</edge>
<edge id="10" name="Edge 1">
<direct>2.5607998783685323E7</direct>
<reverse>0.0</reverse>
</edge>
<edge id="31" name="Edge 16">
<direct>2.5607998783685323E7</direct>
<reverse>0.0</reverse>
</edge>
<edge id="32" name="Edge 17">
<direct>2.5607998783685323E7</direct>
<reverse>0.0</reverse>
</edge>
<edge id="33" name="Edge 18">
<direct>2.5607998783685323E7</direct>
<reverse>0.0</reverse>
</edge>
<edge id="21" name="Edge 12">
<direct>0.0</direct>
<reverse>0.0</reverse>
</edge>
<edge id="28" name="Edge 13">
<direct>8535999.594561774</direct>
<reverse>0.0</reverse>
</edge>
<edge id="29" name="Edge 14">
<direct>8535999.594561774</direct>
<reverse>0.0</reverse>
</edge>
<edge id="30" name="Edge 15">
<direct>8535999.594561774</direct>
<reverse>0.0</reverse>
</edge>
<edge id="19" name="Edge 10">
<direct>0.0</direct>
<reverse>0.0</reverse>
</edge>
<edge id="20" name="Edge 11">
<direct>0.0</direct>
<reverse>0.0</reverse>
</edge>
<edge id="18" name="Edge 9">
<direct>0.0</direct>
<reverse>0.0</reverse>
</edge>
<edge id="17" name="Edge 8">
<direct>1.707199918912355E7</direct>
<reverse>8535999.594561774</reverse>
</edge>
<edge id="16" name="Edge 7">
<direct>8535999.594561774</direct>
<reverse>1.707199918912355E7</reverse>
</edge>
<edge id="15" name="Edge 6">
<direct>2.5607998783685323E7</direct>
<reverse>0.0</reverse>
</edge>
<edge id="14" name="Edge 5">
<direct>2.5607998783685323E7</direct>
<reverse>0.0</reverse>
</edge>
<edge id="13" name="Edge 4">
<direct>2.5607998783685323E7</direct>
<reverse>0.0</reverse>
</edge>
<edge id="12" name="Edge 3">
<direct>2.5607998783685323E7</direct>
<reverse>0.0</reverse>
</edge>
</linkLoad>
<maxLossRates>
<temporalConstraints>0.0</temporalConstraints>
<overflow>no</overflow>
</maxLossRates>
</graph>