<?xml version="1.0" encoding="UTF-8"?>
<graph>
<maxBacklogs>
<node id="5" name="A">
<portNumber id="1">1159.0</portNumber>
</node>
<node id="4" name="B">
<portNumber id="1">1257.0</portNumber>
<portNumber id="2">1257.0</portNumber>
</node>
</maxBacklogs>
<maxDelays>
<flow id="10" name="AFDX Flow 1">
<target id="2" name="Dest1">279</target>
<target id="3" name="Dest2">279</target>
</flow>
</maxDelays>
<sinkJitters>
<flow id="10" name="AFDX Flow 1">
<target id="2" name="Dest1">170</target>
<target id="3" name="Dest2">170</target>
</flow>
</sinkJitters>
<linkLoad>
<edge id="9" name="AFDX Edge 4">
<direct>8535999.594561774</direct>
<reverse>0.0</reverse>
</edge>
<edge id="6" name="AFDX Edge 2">
<direct>8535999.594561774</direct>
<reverse>0.0</reverse>
</edge>
<edge id="7" name="AFDX Edge 3">
<direct>8535999.594561774</direct>
<reverse>0.0</reverse>
</edge>
<edge id="8" name="AFDX Edge 1">
<direct>8535999.594561774</direct>
<reverse>0.0</reverse>
</edge>
</linkLoad>
<maxLossRates>
<temporalConstraints>0.0</temporalConstraints>
<overflow>no</overflow>
</maxLossRates>
</graph>