<?xml version="1.0" encoding="UTF-8"?>
<graph>
<maxBacklogs>
<node id="1" name="AFDX Switch 1">
<portNumber id="0">2317.0</portNumber>
<portNumber id="1">2317.0</portNumber>
<portNumber id="2">2317.0</portNumber>
</node>
</maxBacklogs>
<maxDelays>
<flow id="8" name="AFDX Flow 1">
<target id="3" name="B">271</target>
<target id="4" name="C">271</target>
</flow>
<flow id="9" name="AFDX Flow 2">
<target id="2" name="A">271</target>
<target id="4" name="C">271</target>
</flow>
<flow id="10" name="AFDX Flow 3">
<target id="2" name="A">271</target>
<target id="3" name="B">271</target>
</flow>
</maxDelays>
<sinkJitters>
<flow id="8" name="AFDX Flow 1">
<target id="3" name="B">85</target>
<target id="4" name="C">85</target>
</flow>
<flow id="9" name="AFDX Flow 2">
<target id="2" name="A">85</target>
<target id="4" name="C">85</target>
</flow>
<flow id="10" name="AFDX Flow 3">
<target id="2" name="A">85</target>
<target id="3" name="B">85</target>
</flow>
</sinkJitters>
<linkLoad>
<edge id="6" name="AFDX Edge 2">
<direct>8535999.594561774</direct>
<reverse>1.707199918912355E7</reverse>
</edge>
<edge id="7" name="AFDX Edge 3">
<direct>8535999.594561774</direct>
<reverse>1.707199918912355E7</reverse>
</edge>
<edge id="5" name="AFDX Edge 1">
<direct>8535999.594561774</direct>
<reverse>1.707199918912355E7</reverse>
</edge>
</linkLoad>
<maxLossRates>
<temporalConstraints>0.0</temporalConstraints>
<overflow>no</overflow>
</maxLossRates>
</graph>