<?xml version="1.0" encoding="UTF-8"?>
	<graphml xmlns="http://www.w3schools.com"
	xmlns:xsi="http://www.w3.org/2001/XMLSchema-instance"
	xsi:schemaLocation="wopanets_graph.xsd">
	<graph edgedefault="undirected">
<TRANS_CAPACITY>100000000</TRANS_CAPACITY>
		<technology>AFDX</technology>
		<duplexMode>FullDuplex</duplexMode>
		<qosClasseNum>2</qosClasseNum>
		<tabDyn>false</tabDyn>
		<frameStruct>false</frameStruct>
		<subVlMult>false</subVlMult>
		<flow  classId="AFDXFlow" id="3" lid="1" name="AFDX Flow 1" flowType="flow" disable="False">
			<flowName>AFDX Flow 1</flowName>
			<period>1</period>
			<periodic>true</periodic>
			<payloadSizeMin>1000</payloadSizeMin>
			<payloadSizeMax>1000</payloadSizeMax>
			<sourceJitter>0</sourceJitter>
			<jitterTolerance>Infinity</jitterTolerance>
			<deadline>1</deadline>
			<FLOW_PRIORITY>Low</FLOW_PRIORITY>
			<vlid>0</vlid>
			<subvlid>0</subvlid>
			<id>3</id>
			<lid>1</lid>
			<multicast>true</multicast>
			<FLOW_COMPUTE_ID>-1</FLOW_COMPUTE_ID>
			<SELECTED_COLOR>255</SELECTED_COLOR>
			<ROOTING_SKIPPING_SWITCHES>NONE</ROOTING_SKIPPING_SWITCHES>
			<ROOTING_SKIPPING_EDGES>NONE</ROOTING_SKIPPING_EDGES>
			<ROOTING_ALL_ROUTES>0</ROOTING_ALL_ROUTES>
			<flowSource nodeId="9" portNum="0"/>
			<flowTarget nodeId="10" portNum="0" pending="False" redMode="MAIN">
				<path>12</path>
				<path>13</path>
			</flowTarget>
		</flow>
		<flow  classId="AFDXFlow" id="1" lid="2" name="AFDX Flow 2" flowType="flow" disable="False">
			<flowName>AFDX Flow 2</flowName>
			<period>1</period>
			<periodic>true</periodic>
			<payloadSizeMin>1000</payloadSizeMin>
			<payloadSizeMax>1000</payloadSizeMax>
			<sourceJitter>0</sourceJitter>
			<jitterTolerance>Infinity</jitterTolerance>
			<deadline>1</deadline>
			<FLOW_PRIORITY>Low</FLOW_PRIORITY>
			<vlid>1</vlid>
			<subvlid>0</subvlid>
			<id>1</id>
			<lid>2</lid>
			<multicast>true</multicast>
			<FLOW_COMPUTE_ID>-1</FLOW_COMPUTE_ID>
			<SELECTED_COLOR>255</SELECTED_COLOR>
			<ROOTING_SKIPPING_SWITCHES>NONE</ROOTING_SKIPPING_SWITCHES>
			<ROOTING_SKIPPING_EDGES>NONE</ROOTING_SKIPPING_EDGES>
			<ROOTING_ALL_ROUTES>0</ROOTING_ALL_ROUTES>
			<flowSource nodeId="9" portNum="0"/>
			<flowTarget nodeId="10" portNum="0" pending="False" redMode="MAIN">
				<path>12</path>
				<path>13</path>
			</flowTarget>
		</flow>
		<flow  classId="AFDXFlow" id="2" lid="3" name="AFDX Flow 3" flowType="flow" disable="False">
			<flowName>AFDX Flow 3</flowName>
			<period>1</period>
			<periodic>true</periodic>
			<payloadSizeMin>1000</payloadSizeMin>
			<payloadSizeMax>1000</payloadSizeMax>
			<sourceJitter>0</sourceJitter>
			<jitterTolerance>Infinity</jitterTolerance>
			<deadline>1</deadline>
			<FLOW_PRIORITY>Low</FLOW_PRIORITY>
			<vlid>2</vlid>
			<subvlid>0</subvlid>
			<id>2</id>
			<lid>3</lid>
			<multicast>true</multicast>
			<FLOW_COMPUTE_ID>-1</FLOW_COMPUTE_ID>
			<SELECTED_COLOR>255</SELECTED_COLOR>
			<ROOTING_SKIPPING_SWITCHES>NONE</ROOTING_SKIPPING_SWITCHES>
			<ROOTING_SKIPPING_EDGES>NONE</ROOTING_SKIPPING_EDGES>
			<ROOTING_ALL_ROUTES>0</ROOTING_ALL_ROUTES>
			<flowSource nodeId="9" portNum="0"/>
			<flowTarget nodeId="10" portNum="0" pending="False" redMode="MAIN">
				<path>12</path>
				<path>13</path>
			</flowTarget>
		</flow>
		<flow  classId="AFDXFlow" id="4" lid="4" name="AFDX Flow 4" flowType="flow" disable="False">
			<flowName>AFDX Flow 4</flowName>
			<period>1</period>
			<periodic>true</periodic>
			<payloadSizeMin>1000</payloadSizeMin>
			<payloadSizeMax>1000</payloadSizeMax>
			<sourceJitter>0</sourceJitter>
			<jitterTolerance>Infinity</jitterTolerance>
			<deadline>1</deadline>
			<FLOW_PRIORITY>Low</FLOW_PRIORITY>
			<vlid>3</vlid>
			<subvlid>0</subvlid>
			<id>4</id>
			<lid>4</lid>
			<multicast>true</multicast>
			<FLOW_COMPUTE_ID>-1</FLOW_COMPUTE_ID>
			<SELECTED_COLOR>255</SELECTED_COLOR>
			<ROOTING_SKIPPING_SWITCHES>NONE</ROOTING_SKIPPING_SWITCHES>
			<ROOTING_SKIPPING_EDGES>NONE</ROOTING_SKIPPING_EDGES>
			<ROOTING_ALL_ROUTES>0</ROOTING_ALL_ROUTES>
			<flowSource nodeId="9" portNum="0"/>
			<flowTarget nodeId="10" portNum="0" pending="False" redMode="MAIN">
				<path>12</path>
				<path>13</path>
			</flowTarget>
		</flow>
		<flow  classId="AFDXFlow" id="5" lid="5" name="AFDX Flow 5" flowType="flow" disable="False">
			<flowName>AFDX Flow 5</flowName>
			<period>1</period>
			<periodic>true</periodic>
			<payloadSizeMin>1000</payloadSizeMin>
			<payloadSizeMax>1000</payloadSizeMax>
			<sourceJitter>0</sourceJitter>
			<jitterTolerance>Infinity</jitterTolerance>
			<deadline>1</deadline>
			<FLOW_PRIORITY>Low</FLOW_PRIORITY>
			<vlid>4</vlid>
			<subvlid>0</subvlid>
			<id>5</id>
			<lid>5</lid>
			<multicast>true</multicast>
			<FLOW_COMPUTE_ID>-1</FLOW_COMPUTE_ID>
			<SELECTED_COLOR>255</SELECTED_COLOR>
			<ROOTING_SKIPPING_SWITCHES>NONE</ROOTING_SKIPPING_SWITCHES>
			<ROOTING_SKIPPING_EDGES>NONE</ROOTING_SKIPPING_EDGES>
			<ROOTING_ALL_ROUTES>0</ROOTING_ALL_ROUTES>
			<flowSource nodeId="9" portNum="0"/>
			<flowTarget nodeId="10" portNum="0" pending="False" redMode="MAIN">
				<path>12</path>
				<path>13</path>
			</flowTarget>
		</flow>
		<flow  classId="AFDXFlow" id="6" lid="6" name="AFDX Flow 6" flowType="flow" disable="False">
			<flowName>AFDX Flow 6</flowName>
			<period>1</period>
			<periodic>true</periodic>
			<payloadSizeMin>1000</payloadSizeMin>
			<payloadSizeMax>1000</payloadSizeMax>
			<sourceJitter>0</sourceJitter>
			<jitterTolerance>Infinity</jitterTolerance>
			<deadline>1</deadline>
			<FLOW_PRIORITY>Low</FLOW_PRIORITY>
			<vlid>5</vlid>
			<subvlid>0</subvlid>
			<id>6</id>
			<lid>6</lid>
			<multicast>true</multicast>
			<FLOW_COMPUTE_ID>-1</FLOW_COMPUTE_ID>
			<SELECTED_COLOR>255</SELECTED_COLOR>
			<ROOTING_SKIPPING_SWITCHES>NONE</ROOTING_SKIPPING_SWITCHES>
			<ROOTING_SKIPPING_EDGES>NONE</ROOTING_SKIPPING_EDGES>
			<ROOTING_ALL_ROUTES>0</ROOTING_ALL_ROUTES>
			<flowSource nodeId="9" portNum="0"/>
			<flowTarget nodeId="10" portNum="0" pending="False" redMode="MAIN">
				<path>12</path>
				<path>13</path>
			</flowTarget>
		</flow>
		<flow  classId="AFDXFlow" id="7" lid="7" name="AFDX Flow 7" flowType="flow" disable="False">
			<flowName>AFDX Flow 7</flowName>
			<period>1</period>
			<periodic>true</periodic>
			<payloadSizeMin>1000</payloadSizeMin>
			<payloadSizeMax>1000</payloadSizeMax>
			<sourceJitter>0</sourceJitter>
			<jitterTolerance>Infinity</jitterTolerance>
			<deadline>1</deadline>
			<FLOW_PRIORITY>Low</FLOW_PRIORITY>
			<vlid>6</vlid>
			<subvlid>0</subvlid>
			<id>7</id>
			<lid>7</lid>
			<multicast>true</multicast>
			<FLOW_COMPUTE_ID>-1</FLOW_COMPUTE_ID>
			<SELECTED_COLOR>255</SELECTED_COLOR>
			<ROOTING_SKIPPING_SWITCHES>NONE</ROOTING_SKIPPING_SWITCHES>
			<ROOTING_SKIPPING_EDGES>NONE</ROOTING_SKIPPING_EDGES>
			<ROOTING_ALL_ROUTES>0</ROOTING_ALL_ROUTES>
			<flowSource nodeId="9" portNum="0"/>
			<flowTarget nodeId="10" portNum="0" pending="False" redMode="MAIN">
				<path>12</path>
				<path>13</path>
			</flowTarget>
		</flow>
		<flow  classId="AFDXFlow" id="8" lid="8" name="AFDX Flow 8" flowType="flow" disable="False">
			<flowName>AFDX Flow 8</flowName>
			<period>1</period>
			<periodic>true</periodic>
			<payloadSizeMin>1000</payloadSizeMin>
			<payloadSizeMax>1000</payloadSizeMax>
			<sourceJitter>0</sourceJitter>
			<jitterTolerance>Infinity</jitterTolerance>
			<deadline>1</deadline>
			<FLOW_PRIORITY>Low</FLOW_PRIORITY>
			<vlid>7</vlid>
			<subvlid>0</subvlid>
			<id>8</id>
			<lid>8</lid>
			<multicast>true</multicast>
			<FLOW_COMPUTE_ID>-1</FLOW_COMPUTE_ID>
			<SELECTED_COLOR>255</SELECTED_COLOR>
			<ROOTING_SKIPPING_SWITCHES>NONE</ROOTING_SKIPPING_SWITCHES>
			<ROOTING_SKIPPING_EDGES>NONE</ROOTING_SKIPPING_EDGES>
			<ROOTING_ALL_ROUTES>0</ROOTING_ALL_ROUTES>
			<flowSource nodeId="9" portNum="0"/>
			<flowTarget nodeId="10" portNum="0" pending="False" redMode="MAIN">
				<path>12</path>
				<path>13</path>
			</flowTarget>
		</flow>
		<flow  classId="AFDXFlow" id="14" lid="9" name="AFDX Flow 9" flowType="flow" disable="False">
			<flowName>AFDX Flow 9</flowName>
			<period>1</period>
			<periodic>true</periodic>
			<payloadSizeMin>1000</payloadSizeMin>
			<payloadSizeMax>1000</payloadSizeMax>
			<sourceJitter>0</sourceJitter>
			<jitterTolerance>Infinity</jitterTolerance>
			<deadline>1</deadline>
			<FLOW_PRIORITY>Low</FLOW_PRIORITY>
			<vlid>8</vlid>
			<subvlid>0</subvlid>
			<id>14</id>
			<lid>9</lid>
			<multicast>true</multicast>
			<FLOW_COMPUTE_ID>-1</FLOW_COMPUTE_ID>
			<SELECTED_COLOR>255</SELECTED_COLOR>
			<ROOTING_SKIPPING_SWITCHES>NONE</ROOTING_SKIPPING_SWITCHES>
			<ROOTING_SKIPPING_EDGES>NONE</ROOTING_SKIPPING_EDGES>
			<ROOTING_ALL_ROUTES>0</ROOTING_ALL_ROUTES>
			<flowSource nodeId="9" portNum="0"/>
			<flowTarget nodeId="10" portNum="0" pending="False" redMode="MAIN">
				<path>12</path>
				<path>13</path>
			</flowTarget>
		</flow>
		<flow  classId="AFDXFlow" id="15" lid="10" name="AFDX Flow 10" flowType="flow" disable="False">
			<flowName>AFDX Flow 10</flowName>
			<period>1</period>
			<periodic>true</periodic>
			<payloadSizeMin>1000</payloadSizeMin>
			<payloadSizeMax>1000</payloadSizeMax>
			<sourceJitter>0</sourceJitter>
			<jitterTolerance>Infinity</jitterTolerance>
			<deadline>1</deadline>
			<FLOW_PRIORITY>Low</FLOW_PRIORITY>
			<vlid>9</vlid>
			<subvlid>0</subvlid>
			<id>15</id>
			<lid>10</lid>
			<multicast>true</multicast>
			<FLOW_COMPUTE_ID>-1</FLOW_COMPUTE_ID>
			<SELECTED_COLOR>255</SELECTED_COLOR>
			<ROOTING_SKIPPING_SWITCHES>NONE</ROOTING_SKIPPING_SWITCHES>
			<ROOTING_SKIPPING_EDGES>NONE</ROOTING_SKIPPING_EDGES>
			<ROOTING_ALL_ROUTES>0</ROOTING_ALL_ROUTES>
			<flowSource nodeId="9" portNum="0"/>
			<flowTarget nodeId="10" portNum="0" pending="False" redMode="MAIN">
				<path>12</path>
				<path>13</path>
			</flowTarget>
		</flow>
	</graph>
</graphml>