<?xml version="1.0" encoding="UTF-8"?>
	<graphml xmlns="http://www.w3schools.com"
	xmlns:xsi="http://www.w3.org/2001/XMLSchema-instance"
	xsi:schemaLocation="wopanets_graph.xsd">
	<graph edgedefault="undirected">
		<TRANS_CAPACITY>100000000</TRANS_CAPACITY>
		<technology>AFDX</technology>
		<engine>null</engine>
		<engineOption>null</engineOption>
		<redundancy>false</redundancy>
		<GRAPH_TYPE>null</GRAPH_TYPE>
		<SHORTEST_PATH_POLICY>null</SHORTEST_PATH_POLICY>
		<OPTMIZED_VARS></OPTMIZED_VARS>
		<defaultPerspective>null</defaultPerspective>
		<USE_TECHNO_PRIO>True</USE_TECHNO_PRIO>
		<PRIO_NUMBER>-1</PRIO_NUMBER>
		<name>Z_ESE_F10</name>
		<description><![CDATA[Test project with a single switch and two stations.
10 same flows are going from one station to the other.
The expected results are 997 µs for the delay of each flow, and 0 for the backlog (this should be validated!).]]></description>
		<duplexMode>FullDuplex</duplexMode>
		<qosClassNum>2</qosClassNum>
		<tabDyn>false</tabDyn>
		<frameStruct>false</frameStruct>
		<subVlMult>false</subVlMult>
		<node classId="AFDXStation" id="9" lid="5" name="AFDX Station 5" nodeType="station">
			<nodeName>AFDX Station 5</nodeName>
			<portNumber>1</portNumber>
			<portOrganization>NONE</portOrganization>
			<transCapacity>100000000</transCapacity>
			<id>9</id>
			<lid>5</lid>
			<redundancyMode>BOTH</redundancyMode>
			<ServicePolicy>FIRST_IN_FIRST_OUT</ServicePolicy>
			<subvlMult>Disabled</subvlMult>
			<subvlMultPolicy>ROUND_ROBIN</subvlMultPolicy>
			<datapacking>Off</datapacking>
			<dpStrategy>NONE</dpStrategy>
			<framestructure>Implicit</framestructure>
			<NODE_IMAGE>Gray.png</NODE_IMAGE>
			<GROUPING_SWITCHES>NONE</GROUPING_SWITCHES>
		</node>
		<node classId="AFDXStation" id="10" lid="6" name="AFDX Station 6" nodeType="station">
			<nodeName>AFDX Station 6</nodeName>
			<portNumber>1</portNumber>
			<portOrganization>NONE</portOrganization>
			<transCapacity>100000000</transCapacity>
			<id>10</id>
			<lid>6</lid>
			<redundancyMode>BOTH</redundancyMode>
			<ServicePolicy>FIRST_IN_FIRST_OUT</ServicePolicy>
			<subvlMult>Disabled</subvlMult>
			<subvlMultPolicy>ROUND_ROBIN</subvlMultPolicy>
			<datapacking>Off</datapacking>
			<dpStrategy>NONE</dpStrategy>
			<framestructure>Implicit</framestructure>
			<NODE_IMAGE>Gray.png</NODE_IMAGE>
			<GROUPING_SWITCHES>NONE</GROUPING_SWITCHES>
		</node>
		<node classId="AFDXSwitch" id="11" lid="1" name="AFDX Switch 1" nodeType="switch">
			<nodeName>AFDX Switch 1</nodeName>
			<portNumber>16</portNumber>
			<portOrganization>NONE</portOrganization>
			<transCapacity>100000000</transCapacity>
			<id>11</id>
			<lid>1</lid>
			<redundancyMode>MAIN</redundancyMode>
			<ServicePolicy>FIRST_IN_FIRST_OUT</ServicePolicy>
			<techLatency>0</techLatency>
			<swTech>CUT_THROUGH</swTech>
			<weight>-1</weight>
			<outBuffer>65536</outBuffer>
			<tramesLimit></tramesLimit>
			<NODE_IMAGE>switch.png</NODE_IMAGE>
			<GROUPING_SWITCHES>NONE</GROUPING_SWITCHES>
		</node>
		<edge classId="AFDXEdge" id="12" lid="3" name="AFDX Edge 3" edgeType="link">
			<edgeSource nodeId="9" portNum="0"/>
			<edgeTarget nodeId="11" portNum="0"/>
			<edgeName>AFDX Edge 3</edgeName>
			<transCapacity>100000000</transCapacity>
			<edgeFrom>AFDX Station 5</edgeFrom>
			<edgeTo>AFDX Switch 1</edgeTo>
			<portFrom>0</portFrom>
			<portTo>0</portTo>
			<id>12</id>
			<lid>3</lid>
			<edgeUsageDirect>-1</edgeUsageDirect>
			<edgeUsageReverse>-1</edgeUsageReverse>
			<redundancyMode>MAIN</redundancyMode>
			<duplexMode>FULL_DUPLEX</duplexMode>
		</edge>
		<edge classId="AFDXEdge" id="13" lid="4" name="AFDX Edge 4" edgeType="link">
			<edgeSource nodeId="11" portNum="1"/>
			<edgeTarget nodeId="10" portNum="0"/>
			<edgeName>AFDX Edge 4</edgeName>
			<transCapacity>100000000</transCapacity>
			<edgeFrom>AFDX Switch 1</edgeFrom>
			<edgeTo>AFDX Station 6</edgeTo>
			<portFrom>1</portFrom>
			<portTo>0</portTo>
			<id>13</id>
			<lid>4</lid>
			<edgeUsageDirect>-1</edgeUsageDirect>
			<edgeUsageReverse>-1</edgeUsageReverse>
			<redundancyMode>MAIN</redundancyMode>
			<duplexMode>FULL_DUPLEX</duplexMode>
		</edge>
	</graph>
</graphml>