<?xml version="1.0" encoding="UTF-8"?>
<graph>
<maxBacklogs>
<node id="11" name="AFDX Switch 1">
<portNumber id="1">19778.0</portNumber>
</node>
</maxBacklogs>
<maxDelays>
<flow id="3" name="AFDX Flow 1">
<target id="10" name="AFDX Station 6">2436</target>
</flow>
<flow id="15" name="AFDX Flow 10">
<target id="10" name="AFDX Station 6">2436</target>
</flow>
<flow id="1" name="AFDX Flow 2">
<target id="10" name="AFDX Station 6">2436</target>
</flow>
<flow id="2" name="AFDX Flow 3">
<target id="10" name="AFDX Station 6">2436</target>
</flow>
<flow id="4" name="AFDX Flow 4">
<target id="10" name="AFDX Station 6">2436</target>
</flow>
<flow id="5" name="AFDX Flow 5">
<target id="10" name="AFDX Station 6">2436</target>
</flow>
<flow id="6" name="AFDX Flow 6">
<target id="10" name="AFDX Station 6">2436</target>
</flow>
<flow id="7" name="AFDX Flow 7">
<target id="10" name="AFDX Station 6">2436</target>
</flow>
<flow id="8" name="AFDX Flow 8">
<target id="10" name="AFDX Station 6">2436</target>
</flow>
<flow id="14" name="AFDX Flow 9">
<target id="10" name="AFDX Station 6">2436</target>
</flow>
</maxDelays>
<sinkJitters>
<flow id="3" name="AFDX Flow 1">
<target id="10" name="AFDX Station 6">85</target>
</flow>
<flow id="15" name="AFDX Flow 10">
<target id="10" name="AFDX Station 6">85</target>
</flow>
<flow id="1" name="AFDX Flow 2">
<target id="10" name="AFDX Station 6">85</target>
</flow>
<flow id="2" name="AFDX Flow 3">
<target id="10" name="AFDX Station 6">85</target>
</flow>
<flow id="4" name="AFDX Flow 4">
<target id="10" name="AFDX Station 6">85</target>
</flow>
<flow id="5" name="AFDX Flow 5">
<target id="10" name="AFDX Station 6">85</target>
</flow>
<flow id="6" name="AFDX Flow 6">
<target id="10" name="AFDX Station 6">85</target>
</flow>
<flow id="7" name="AFDX Flow 7">
<target id="10" name="AFDX Station 6">85</target>
</flow>
<flow id="8" name="AFDX Flow 8">
<target id="10" name="AFDX Station 6">85</target>
</flow>
<flow id="14" name="AFDX Flow 9">
<target id="10" name="AFDX Station 6">85</target>
</flow>
</sinkJitters>
<linkLoad>
<edge id="12" name="AFDX Edge 3">
<direct>8.535999594561772E7</direct>
<reverse>0.0</reverse>
</edge>
<edge id="13" name="AFDX Edge 4">
<direct>8.535999594561772E7</direct>
<reverse>0.0</reverse>
</edge>
</linkLoad>
<maxLossRates>
<temporalConstraints>100.0</temporalConstraints>
<overflow>no</overflow>
</maxLossRates>
</graph>