<?xml version="1.0" encoding="UTF-8"?>
	<graphml xmlns="http://www.w3schools.com"
	xmlns:xsi="http://www.w3.org/2001/XMLSchema-instance"
	xsi:schemaLocation="wopanets_graph.xsd">
	<graph edgedefault="undirected">
		<TRANS_CAPACITY>100000000</TRANS_CAPACITY>
		<technology>AFDX</technology>
		<engine>Native</engine>
		<engineOption>PMMO</engineOption>
		<redundancy>false</redundancy>
		<GRAPH_TYPE>null</GRAPH_TYPE>
		<SHORTEST_PATH_POLICY>null</SHORTEST_PATH_POLICY>
		<OPTMIZED_VARS></OPTMIZED_VARS>
		<defaultPerspective>WoPANetsRCP.perspectiveCalcul</defaultPerspective>
		<USE_TECHNO_PRIO>True</USE_TECHNO_PRIO>
		<PRIO_NUMBER>-1</PRIO_NUMBER>
		<name>Z_EE</name>
		<description><![CDATA[Simple test project with only two end stations.
One flow goes from the first station to the second.
The expected delay is 85 µs. No backlog because no switch.]]></description>
		<duplexMode>FullDuplex</duplexMode>
		<qosClassNum>2</qosClassNum>
		<tabDyn>false</tabDyn>
		<frameStruct>false</frameStruct>
		<subVlMult>false</subVlMult>
		<node classId="AFDXStation" id="1" lid="1" name="AFDX Station 1" nodeType="station">
			<nodeName>AFDX Station 1</nodeName>
			<portNumber>1</portNumber>
			<portOrganization>NONE</portOrganization>
			<transCapacity>100000000</transCapacity>
			<id>1</id>
			<lid>1</lid>
			<redundancyMode>BOTH</redundancyMode>
			<ServicePolicy>FIRST_IN_FIRST_OUT</ServicePolicy>
			<subvlMult>Disabled</subvlMult>
			<subvlMultPolicy>ROUND_ROBIN</subvlMultPolicy>
			<datapacking>Off</datapacking>
			<dpStrategy>NONE</dpStrategy>
			<framestructure>Implicit</framestructure>
			<NODE_IMAGE>Gray.png</NODE_IMAGE>
			<GROUPING_SWITCHES>NONE</GROUPING_SWITCHES>
		</node>
		<node classId="AFDXStation" id="2" lid="2" name="AFDX Station 2" nodeType="station">
			<nodeName>AFDX Station 2</nodeName>
			<portNumber>1</portNumber>
			<portOrganization>NONE</portOrganization>
			<transCapacity>100000000</transCapacity>
			<id>2</id>
			<lid>2</lid>
			<redundancyMode>BOTH</redundancyMode>
			<ServicePolicy>FIRST_IN_FIRST_OUT</ServicePolicy>
			<subvlMult>Disabled</subvlMult>
			<subvlMultPolicy>ROUND_ROBIN</subvlMultPolicy>
			<datapacking>Off</datapacking>
			<dpStrategy>NONE</dpStrategy>
			<framestructure>Implicit</framestructure>
			<NODE_IMAGE>Gray.png</NODE_IMAGE>
			<GROUPING_SWITCHES>NONE</GROUPING_SWITCHES>
		</node>
		<edge classId="AFDXEdge" id="3" lid="1" name="AFDX Edge 1" edgeType="link">
			<edgeSource nodeId="1" portNum="0"/>
			<edgeTarget nodeId="2" portNum="0"/>
			<edgeName>AFDX Edge 1</edgeName>
			<transCapacity>100000000</transCapacity>
			<edgeFrom>AFDX Station 1</edgeFrom>
			<edgeTo>AFDX Station 2</edgeTo>
			<portFrom>0</portFrom>
			<portTo>0</portTo>
			<id>3</id>
			<lid>1</lid>
			<edgeUsageDirect>-1</edgeUsageDirect>
			<edgeUsageReverse>-1</edgeUsageReverse>
			<redundancyMode>MAIN</redundancyMode>
			<duplexMode>FULL_DUPLEX</duplexMode>
		</edge>
	</graph>
</graphml>