<?xml version="1.0" encoding="UTF-8"?>
<graph>
<maxBacklogs>
</maxBacklogs>
<maxDelays>
<flow id="4" name="AFDX Flow 1">
<target id="2" name="AFDX Station 2">86</target>
</flow>
</maxDelays>
<sinkJitters>
<flow id="4" name="AFDX Flow 1">
<target id="2" name="AFDX Station 2">0</target>
</flow>
</sinkJitters>
<linkLoad>
<edge id="3" name="AFDX Edge 1">
<direct>8535999.594561774</direct>
<reverse>0.0</reverse>
</edge>
</linkLoad>
<maxLossRates>
<temporalConstraints>0.0</temporalConstraints>
<overflow>no</overflow>
</maxLossRates>
</graph>