<?xml version="1.0" encoding="UTF-8"?>
<graph>
<maxBacklogs>
<node id="11" name="AFDX Switch 1">
<portNumber id="1">2499.0</portNumber>
</node>
</maxBacklogs>
<maxDelays>
<flow id="3" name="AFDX Flow 1">
<target id="10" name="AFDX Station 6">371</target>
</flow>
<flow id="1" name="AFDX Flow 2">
<target id="10" name="AFDX Station 6">371</target>
</flow>
</maxDelays>
<sinkJitters>
<flow id="3" name="AFDX Flow 1">
<target id="10" name="AFDX Station 6">85</target>
</flow>
<flow id="1" name="AFDX Flow 2">
<target id="10" name="AFDX Station 6">85</target>
</flow>
</sinkJitters>
<linkLoad>
<edge id="12" name="AFDX Edge 3">
<direct>1.707199918912355E7</direct>
<reverse>0.0</reverse>
</edge>
<edge id="13" name="AFDX Edge 4">
<direct>1.707199918912355E7</direct>
<reverse>0.0</reverse>
</edge>
</linkLoad>
<maxLossRates>
<temporalConstraints>0.0</temporalConstraints>
<overflow>no</overflow>
</maxLossRates>
</graph>