<?xml version="1.0" encoding="UTF-8"?>
<graph>
<maxBacklogs>
<node id="3" name="AFDX Switch 1">
<portNumber id="1">1159.0</portNumber>
</node>
<node id="4" name="AFDX Switch 2">
<portNumber id="1">1257.0</portNumber>
</node>
<node id="7" name="AFDX Switch 3">
<portNumber id="1">1365.0</portNumber>
</node>
<node id="9" name="AFDX Switch 4">
<portNumber id="1">1481.0</portNumber>
</node>
</maxBacklogs>
<maxDelays>
<flow id="12" name="AFDX Flow 1">
<target id="2" name="AFDX Station 2">507</target>
</flow>
</maxDelays>
<sinkJitters>
<flow id="12" name="AFDX Flow 1">
<target id="2" name="AFDX Station 2">341</target>
</flow>
</sinkJitters>
<linkLoad>
<edge id="10" name="AFDX Edge 4">
<direct>8535999.594561774</direct>
<reverse>0.0</reverse>
</edge>
<edge id="11" name="AFDX Edge 5">
<direct>8535999.594561774</direct>
<reverse>0.0</reverse>
</edge>
<edge id="6" name="AFDX Edge 2">
<direct>8535999.594561774</direct>
<reverse>0.0</reverse>
</edge>
<edge id="8" name="AFDX Edge 3">
<direct>8535999.594561774</direct>
<reverse>0.0</reverse>
</edge>
<edge id="5" name="AFDX Edge 1">
<direct>8535999.594561774</direct>
<reverse>0.0</reverse>
</edge>
</linkLoad>
<maxLossRates>
<temporalConstraints>0.0</temporalConstraints>
<overflow>no</overflow>
</maxLossRates>
</graph>