<?xml version="1.0" encoding="UTF-8"?>
	<graphml xmlns="http://www.w3schools.com"
	xmlns:xsi="http://www.w3.org/2001/XMLSchema-instance"
	xsi:schemaLocation="wopanets_graph.xsd">
	<graph edgedefault="undirected">
		<TRANS_CAPACITY>100000000</TRANS_CAPACITY>
		<technology>AFDX</technology>
		<engine>Native</engine>
		<engineOption>PMMO</engineOption>
		<redundancy>false</redundancy>
		<GRAPH_TYPE>null</GRAPH_TYPE>
		<SHORTEST_PATH_POLICY>null</SHORTEST_PATH_POLICY>
		<OPTMIZED_VARS></OPTMIZED_VARS>
		<defaultPerspective>WoPANetsRCP.perspectiveCalcul</defaultPerspective>
		<USE_TECHNO_PRIO>True</USE_TECHNO_PRIO>
		<PRIO_NUMBER>-1</PRIO_NUMBER>
		<name>Z_3ESE</name>
		<description><![CDATA[Test project with a single switch ; 3 flows are converging to this switch.
Expected delays are 400 µs for each flow (this should be validated!)]]></description>
		<duplexMode>FullDuplex</duplexMode>
		<qosClassNum>2</qosClassNum>
		<tabDyn>false</tabDyn>
		<frameStruct>false</frameStruct>
		<subVlMult>false</subVlMult>
		<node classId="AFDXStation" id="1" lid="1" name="AFDX Station 1" nodeType="station">
			<nodeName>AFDX Station 1</nodeName>
			<portNumber>1</portNumber>
			<portOrganization>NONE</portOrganization>
			<transCapacity>100000000</transCapacity>
			<id>1</id>
			<lid>1</lid>
			<redundancyMode>BOTH</redundancyMode>
			<ServicePolicy>FIRST_IN_FIRST_OUT</ServicePolicy>
			<subvlMult>Disabled</subvlMult>
			<subvlMultPolicy>ROUND_ROBIN</subvlMultPolicy>
			<datapacking>Off</datapacking>
			<dpStrategy>NONE</dpStrategy>
			<framestructure>Implicit</framestructure>
			<NODE_IMAGE>Gray.png</NODE_IMAGE>
			<GROUPING_SWITCHES>NONE</GROUPING_SWITCHES>
		</node>
		<node classId="AFDXStation" id="2" lid="2" name="AFDX Station 2" nodeType="station">
			<nodeName>AFDX Station 2</nodeName>
			<portNumber>1</portNumber>
			<portOrganization>NONE</portOrganization>
			<transCapacity>100000000</transCapacity>
			<id>2</id>
			<lid>2</lid>
			<redundancyMode>BOTH</redundancyMode>
			<ServicePolicy>FIRST_IN_FIRST_OUT</ServicePolicy>
			<subvlMult>Disabled</subvlMult>
			<subvlMultPolicy>ROUND_ROBIN</subvlMultPolicy>
			<datapacking>Off</datapacking>
			<dpStrategy>NONE</dpStrategy>
			<framestructure>Implicit</framestructure>
			<NODE_IMAGE>Gray.png</NODE_IMAGE>
			<GROUPING_SWITCHES>NONE</GROUPING_SWITCHES>
		</node>
		<node classId="AFDXStation" id="3" lid="3" name="AFDX Station 3" nodeType="station">
			<nodeName>AFDX Station 3</nodeName>
			<portNumber>1</portNumber>
			<portOrganization>NONE</portOrganization>
			<transCapacity>100000000</transCapacity>
			<id>3</id>
			<lid>3</lid>
			<redundancyMode>BOTH</redundancyMode>
			<ServicePolicy>FIRST_IN_FIRST_OUT</ServicePolicy>
			<subvlMult>Disabled</subvlMult>
			<subvlMultPolicy>ROUND_ROBIN</subvlMultPolicy>
			<datapacking>Off</datapacking>
			<dpStrategy>NONE</dpStrategy>
			<framestructure>Implicit</framestructure>
			<NODE_IMAGE>Gray.png</NODE_IMAGE>
			<GROUPING_SWITCHES>NONE</GROUPING_SWITCHES>
		</node>
		<node classId="AFDXSwitch" id="4" lid="1" name="AFDX Switch 1" nodeType="switch">
			<nodeName>AFDX Switch 1</nodeName>
			<portNumber>16</portNumber>
			<portOrganization>NONE</portOrganization>
			<transCapacity>100000000</transCapacity>
			<id>4</id>
			<lid>1</lid>
			<redundancyMode>MAIN</redundancyMode>
			<ServicePolicy>FIRST_IN_FIRST_OUT</ServicePolicy>
			<techLatency>0</techLatency>
			<swTech>CUT_THROUGH</swTech>
			<weight>-1</weight>
			<outBuffer>65536</outBuffer>
			<tramesLimit></tramesLimit>
			<NODE_IMAGE>switch.png</NODE_IMAGE>
			<GROUPING_SWITCHES>NONE</GROUPING_SWITCHES>
		</node>
		<node classId="AFDXStation" id="10" lid="4" name="AFDX Station 4" nodeType="station">
			<nodeName>AFDX Station 4</nodeName>
			<portNumber>1</portNumber>
			<portOrganization>NONE</portOrganization>
			<transCapacity>100000000</transCapacity>
			<id>10</id>
			<lid>4</lid>
			<redundancyMode>BOTH</redundancyMode>
			<ServicePolicy>FIRST_IN_FIRST_OUT</ServicePolicy>
			<subvlMult>Disabled</subvlMult>
			<subvlMultPolicy>ROUND_ROBIN</subvlMultPolicy>
			<datapacking>Off</datapacking>
			<dpStrategy>NONE</dpStrategy>
			<framestructure>Implicit</framestructure>
			<NODE_IMAGE>Gray.png</NODE_IMAGE>
			<GROUPING_SWITCHES>NONE</GROUPING_SWITCHES>
		</node>
		<edge classId="AFDXEdge" id="5" lid="1" name="AFDX Edge 1" edgeType="link">
			<edgeSource nodeId="1" portNum="0"/>
			<edgeTarget nodeId="4" portNum="0"/>
			<edgeName>AFDX Edge 1</edgeName>
			<transCapacity>100000000</transCapacity>
			<edgeFrom>AFDX Station 1</edgeFrom>
			<edgeTo>AFDX Switch 1</edgeTo>
			<portFrom>0</portFrom>
			<portTo>0</portTo>
			<id>5</id>
			<lid>1</lid>
			<edgeUsageDirect>-1</edgeUsageDirect>
			<edgeUsageReverse>-1</edgeUsageReverse>
			<redundancyMode>MAIN</redundancyMode>
			<duplexMode>FULL_DUPLEX</duplexMode>
		</edge>
		<edge classId="AFDXEdge" id="6" lid="2" name="AFDX Edge 2" edgeType="link">
			<edgeSource nodeId="2" portNum="0"/>
			<edgeTarget nodeId="4" portNum="1"/>
			<edgeName>AFDX Edge 2</edgeName>
			<transCapacity>100000000</transCapacity>
			<edgeFrom>AFDX Station 2</edgeFrom>
			<edgeTo>AFDX Switch 1</edgeTo>
			<portFrom>0</portFrom>
			<portTo>1</portTo>
			<id>6</id>
			<lid>2</lid>
			<edgeUsageDirect>-1</edgeUsageDirect>
			<edgeUsageReverse>-1</edgeUsageReverse>
			<redundancyMode>MAIN</redundancyMode>
			<duplexMode>FULL_DUPLEX</duplexMode>
		</edge>
		<edge classId="AFDXEdge" id="7" lid="3" name="AFDX Edge 3" edgeType="link">
			<edgeSource nodeId="4" portNum="2"/>
			<edgeTarget nodeId="3" portNum="0"/>
			<edgeName>AFDX Edge 3</edgeName>
			<transCapacity>100000000</transCapacity>
			<edgeFrom>AFDX Switch 1</edgeFrom>
			<edgeTo>AFDX Station 3</edgeTo>
			<portFrom>2</portFrom>
			<portTo>0</portTo>
			<id>7</id>
			<lid>3</lid>
			<edgeUsageDirect>-1</edgeUsageDirect>
			<edgeUsageReverse>-1</edgeUsageReverse>
			<redundancyMode>MAIN</redundancyMode>
			<duplexMode>FULL_DUPLEX</duplexMode>
		</edge>
		<edge classId="AFDXEdge" id="11" lid="4" name="AFDX Edge 4" edgeType="link">
			<edgeSource nodeId="10" portNum="0"/>
			<edgeTarget nodeId="4" portNum="3"/>
			<edgeName>AFDX Edge 4</edgeName>
			<transCapacity>100000000</transCapacity>
			<edgeFrom>AFDX Station 4</edgeFrom>
			<edgeTo>AFDX Switch 1</edgeTo>
			<portFrom>0</portFrom>
			<portTo>3</portTo>
			<id>11</id>
			<lid>4</lid>
			<edgeUsageDirect>-1</edgeUsageDirect>
			<edgeUsageReverse>-1</edgeUsageReverse>
			<redundancyMode>MAIN</redundancyMode>
			<duplexMode>FULL_DUPLEX</duplexMode>
		</edge>
	</graph>
</graphml>