<?xml version="1.0" encoding="UTF-8"?>
	<graphml xmlns="http://www.w3schools.com"
	xmlns:xsi="http://www.w3.org/2001/XMLSchema-instance"
	xsi:schemaLocation="wopanets_graph.xsd">
	<graph edgedefault="undirected">
<TRANS_CAPACITY>100000000</TRANS_CAPACITY>
		<technology>AFDX</technology>
		<duplexMode>FullDuplex</duplexMode>
		<qosClasseNum>2</qosClasseNum>
		<tabDyn>false</tabDyn>
		<frameStruct>false</frameStruct>
		<subVlMult>false</subVlMult>
		<flow  classId="AFDXFlow" id="24" lid="1" name="AFDX Flow 1" flowType="flow" disable="False">
			<flowName>AFDX Flow 1</flowName>
			<period>1</period>
			<periodic>true</periodic>
			<payloadSizeMin>1000</payloadSizeMin>
			<payloadSizeMax>1000</payloadSizeMax>
			<sourceJitter>0</sourceJitter>
			<jitterTolerance>Infinity</jitterTolerance>
			<deadline>1</deadline>
			<FLOW_PRIORITY>Low</FLOW_PRIORITY>
			<vlid>0</vlid>
			<subvlid>0</subvlid>
			<id>24</id>
			<lid>1</lid>
			<multicast>true</multicast>
			<FLOW_COMPUTE_ID>-1</FLOW_COMPUTE_ID>
			<SELECTED_COLOR>255</SELECTED_COLOR>
			<ROOTING_SKIPPING_SWITCHES>NONE</ROOTING_SKIPPING_SWITCHES>
			<ROOTING_SKIPPING_EDGES>NONE</ROOTING_SKIPPING_EDGES>
			<ROOTING_ALL_ROUTES>0</ROOTING_ALL_ROUTES>
			<flowSource nodeId="1" portNum="0"/>
			<flowTarget nodeId="22" portNum="0" pending="False" redMode="MAIN">
				<path>5</path>
				<path>23</path>
			</flowTarget>
		</flow>
		<flow  classId="AFDXFlow" id="25" lid="2" name="AFDX Flow 2" flowType="flow" disable="False">
			<flowName>AFDX Flow 2</flowName>
			<period>1</period>
			<periodic>true</periodic>
			<payloadSizeMin>1000</payloadSizeMin>
			<payloadSizeMax>1000</payloadSizeMax>
			<sourceJitter>0</sourceJitter>
			<jitterTolerance>Infinity</jitterTolerance>
			<deadline>1</deadline>
			<FLOW_PRIORITY>Low</FLOW_PRIORITY>
			<vlid>0</vlid>
			<subvlid>0</subvlid>
			<id>25</id>
			<lid>2</lid>
			<multicast>true</multicast>
			<FLOW_COMPUTE_ID>-1</FLOW_COMPUTE_ID>
			<SELECTED_COLOR>255</SELECTED_COLOR>
			<ROOTING_SKIPPING_SWITCHES>NONE</ROOTING_SKIPPING_SWITCHES>
			<ROOTING_SKIPPING_EDGES>NONE</ROOTING_SKIPPING_EDGES>
			<ROOTING_ALL_ROUTES>0</ROOTING_ALL_ROUTES>
			<flowSource nodeId="2" portNum="0"/>
			<flowTarget nodeId="22" portNum="0" pending="False" redMode="MAIN">
				<path>6</path>
				<path>23</path>
			</flowTarget>
		</flow>
		<flow  classId="AFDXFlow" id="26" lid="3" name="AFDX Flow 3" flowType="flow" disable="False">
			<flowName>AFDX Flow 3</flowName>
			<period>1</period>
			<periodic>true</periodic>
			<payloadSizeMin>1000</payloadSizeMin>
			<payloadSizeMax>1000</payloadSizeMax>
			<sourceJitter>0</sourceJitter>
			<jitterTolerance>Infinity</jitterTolerance>
			<deadline>1</deadline>
			<FLOW_PRIORITY>Low</FLOW_PRIORITY>
			<vlid>0</vlid>
			<subvlid>0</subvlid>
			<id>26</id>
			<lid>3</lid>
			<multicast>true</multicast>
			<FLOW_COMPUTE_ID>-1</FLOW_COMPUTE_ID>
			<SELECTED_COLOR>255</SELECTED_COLOR>
			<ROOTING_SKIPPING_SWITCHES>NONE</ROOTING_SKIPPING_SWITCHES>
			<ROOTING_SKIPPING_EDGES>NONE</ROOTING_SKIPPING_EDGES>
			<ROOTING_ALL_ROUTES>0</ROOTING_ALL_ROUTES>
			<flowSource nodeId="3" portNum="0"/>
			<flowTarget nodeId="22" portNum="0" pending="False" redMode="MAIN">
				<path>8</path>
				<path>23</path>
			</flowTarget>
		</flow>
		<flow  classId="AFDXFlow" id="27" lid="4" name="AFDX Flow 4" flowType="flow" disable="False">
			<flowName>AFDX Flow 4</flowName>
			<period>1</period>
			<periodic>true</periodic>
			<payloadSizeMin>1000</payloadSizeMin>
			<payloadSizeMax>1000</payloadSizeMax>
			<sourceJitter>0</sourceJitter>
			<jitterTolerance>Infinity</jitterTolerance>
			<deadline>1</deadline>
			<FLOW_PRIORITY>Low</FLOW_PRIORITY>
			<vlid>0</vlid>
			<subvlid>0</subvlid>
			<id>27</id>
			<lid>4</lid>
			<multicast>true</multicast>
			<FLOW_COMPUTE_ID>-1</FLOW_COMPUTE_ID>
			<SELECTED_COLOR>255</SELECTED_COLOR>
			<ROOTING_SKIPPING_SWITCHES>NONE</ROOTING_SKIPPING_SWITCHES>
			<ROOTING_SKIPPING_EDGES>NONE</ROOTING_SKIPPING_EDGES>
			<ROOTING_ALL_ROUTES>0</ROOTING_ALL_ROUTES>
			<flowSource nodeId="10" portNum="0"/>
			<flowTarget nodeId="22" portNum="0" pending="False" redMode="MAIN">
				<path>7</path>
				<path>23</path>
			</flowTarget>
		</flow>
		<flow  classId="AFDXFlow" id="28" lid="5" name="AFDX Flow 5" flowType="flow" disable="False">
			<flowName>AFDX Flow 5</flowName>
			<period>1</period>
			<periodic>true</periodic>
			<payloadSizeMin>1000</payloadSizeMin>
			<payloadSizeMax>1000</payloadSizeMax>
			<sourceJitter>0</sourceJitter>
			<jitterTolerance>Infinity</jitterTolerance>
			<deadline>1</deadline>
			<FLOW_PRIORITY>Low</FLOW_PRIORITY>
			<vlid>0</vlid>
			<subvlid>0</subvlid>
			<id>28</id>
			<lid>5</lid>
			<multicast>true</multicast>
			<FLOW_COMPUTE_ID>-1</FLOW_COMPUTE_ID>
			<SELECTED_COLOR>255</SELECTED_COLOR>
			<ROOTING_SKIPPING_SWITCHES>NONE</ROOTING_SKIPPING_SWITCHES>
			<ROOTING_SKIPPING_EDGES>NONE</ROOTING_SKIPPING_EDGES>
			<ROOTING_ALL_ROUTES>0</ROOTING_ALL_ROUTES>
			<flowSource nodeId="11" portNum="0"/>
			<flowTarget nodeId="22" portNum="0" pending="False" redMode="MAIN">
				<path>9</path>
				<path>23</path>
			</flowTarget>
		</flow>
		<flow  classId="AFDXFlow" id="29" lid="6" name="AFDX Flow 6" flowType="flow" disable="False">
			<flowName>AFDX Flow 6</flowName>
			<period>1</period>
			<periodic>true</periodic>
			<payloadSizeMin>1000</payloadSizeMin>
			<payloadSizeMax>1000</payloadSizeMax>
			<sourceJitter>0</sourceJitter>
			<jitterTolerance>Infinity</jitterTolerance>
			<deadline>1</deadline>
			<FLOW_PRIORITY>Low</FLOW_PRIORITY>
			<vlid>0</vlid>
			<subvlid>0</subvlid>
			<id>29</id>
			<lid>6</lid>
			<multicast>true</multicast>
			<FLOW_COMPUTE_ID>-1</FLOW_COMPUTE_ID>
			<SELECTED_COLOR>255</SELECTED_COLOR>
			<ROOTING_SKIPPING_SWITCHES>NONE</ROOTING_SKIPPING_SWITCHES>
			<ROOTING_SKIPPING_EDGES>NONE</ROOTING_SKIPPING_EDGES>
			<ROOTING_ALL_ROUTES>0</ROOTING_ALL_ROUTES>
			<flowSource nodeId="12" portNum="0"/>
			<flowTarget nodeId="22" portNum="0" pending="False" redMode="MAIN">
				<path>17</path>
				<path>23</path>
			</flowTarget>
		</flow>
		<flow  classId="AFDXFlow" id="30" lid="7" name="AFDX Flow 7" flowType="flow" disable="False">
			<flowName>AFDX Flow 7</flowName>
			<period>1</period>
			<periodic>true</periodic>
			<payloadSizeMin>1000</payloadSizeMin>
			<payloadSizeMax>1000</payloadSizeMax>
			<sourceJitter>0</sourceJitter>
			<jitterTolerance>Infinity</jitterTolerance>
			<deadline>1</deadline>
			<FLOW_PRIORITY>Low</FLOW_PRIORITY>
			<vlid>0</vlid>
			<subvlid>0</subvlid>
			<id>30</id>
			<lid>7</lid>
			<multicast>true</multicast>
			<FLOW_COMPUTE_ID>-1</FLOW_COMPUTE_ID>
			<SELECTED_COLOR>255</SELECTED_COLOR>
			<ROOTING_SKIPPING_SWITCHES>NONE</ROOTING_SKIPPING_SWITCHES>
			<ROOTING_SKIPPING_EDGES>NONE</ROOTING_SKIPPING_EDGES>
			<ROOTING_ALL_ROUTES>0</ROOTING_ALL_ROUTES>
			<flowSource nodeId="13" portNum="0"/>
			<flowTarget nodeId="22" portNum="0" pending="False" redMode="MAIN">
				<path>18</path>
				<path>23</path>
			</flowTarget>
		</flow>
		<flow  classId="AFDXFlow" id="31" lid="8" name="AFDX Flow 8" flowType="flow" disable="False">
			<flowName>AFDX Flow 8</flowName>
			<period>1</period>
			<periodic>true</periodic>
			<payloadSizeMin>1000</payloadSizeMin>
			<payloadSizeMax>1000</payloadSizeMax>
			<sourceJitter>0</sourceJitter>
			<jitterTolerance>Infinity</jitterTolerance>
			<deadline>1</deadline>
			<FLOW_PRIORITY>Low</FLOW_PRIORITY>
			<vlid>0</vlid>
			<subvlid>0</subvlid>
			<id>31</id>
			<lid>8</lid>
			<multicast>true</multicast>
			<FLOW_COMPUTE_ID>-1</FLOW_COMPUTE_ID>
			<SELECTED_COLOR>255</SELECTED_COLOR>
			<ROOTING_SKIPPING_SWITCHES>NONE</ROOTING_SKIPPING_SWITCHES>
			<ROOTING_SKIPPING_EDGES>NONE</ROOTING_SKIPPING_EDGES>
			<ROOTING_ALL_ROUTES>0</ROOTING_ALL_ROUTES>
			<flowSource nodeId="14" portNum="0"/>
			<flowTarget nodeId="22" portNum="0" pending="False" redMode="MAIN">
				<path>19</path>
				<path>23</path>
			</flowTarget>
		</flow>
		<flow  classId="AFDXFlow" id="32" lid="9" name="AFDX Flow 9" flowType="flow" disable="False">
			<flowName>AFDX Flow 9</flowName>
			<period>1</period>
			<periodic>true</periodic>
			<payloadSizeMin>1000</payloadSizeMin>
			<payloadSizeMax>1000</payloadSizeMax>
			<sourceJitter>0</sourceJitter>
			<jitterTolerance>Infinity</jitterTolerance>
			<deadline>1</deadline>
			<FLOW_PRIORITY>Low</FLOW_PRIORITY>
			<vlid>0</vlid>
			<subvlid>0</subvlid>
			<id>32</id>
			<lid>9</lid>
			<multicast>true</multicast>
			<FLOW_COMPUTE_ID>-1</FLOW_COMPUTE_ID>
			<SELECTED_COLOR>255</SELECTED_COLOR>
			<ROOTING_SKIPPING_SWITCHES>NONE</ROOTING_SKIPPING_SWITCHES>
			<ROOTING_SKIPPING_EDGES>NONE</ROOTING_SKIPPING_EDGES>
			<ROOTING_ALL_ROUTES>0</ROOTING_ALL_ROUTES>
			<flowSource nodeId="15" portNum="0"/>
			<flowTarget nodeId="22" portNum="0" pending="False" redMode="MAIN">
				<path>20</path>
				<path>23</path>
			</flowTarget>
		</flow>
		<flow  classId="AFDXFlow" id="33" lid="10" name="AFDX Flow 10" flowType="flow" disable="False">
			<flowName>AFDX Flow 10</flowName>
			<period>1</period>
			<periodic>true</periodic>
			<payloadSizeMin>1000</payloadSizeMin>
			<payloadSizeMax>1000</payloadSizeMax>
			<sourceJitter>0</sourceJitter>
			<jitterTolerance>Infinity</jitterTolerance>
			<deadline>1</deadline>
			<FLOW_PRIORITY>Low</FLOW_PRIORITY>
			<vlid>0</vlid>
			<subvlid>0</subvlid>
			<id>33</id>
			<lid>10</lid>
			<multicast>true</multicast>
			<FLOW_COMPUTE_ID>-1</FLOW_COMPUTE_ID>
			<SELECTED_COLOR>255</SELECTED_COLOR>
			<ROOTING_SKIPPING_SWITCHES>NONE</ROOTING_SKIPPING_SWITCHES>
			<ROOTING_SKIPPING_EDGES>NONE</ROOTING_SKIPPING_EDGES>
			<ROOTING_ALL_ROUTES>0</ROOTING_ALL_ROUTES>
			<flowSource nodeId="16" portNum="0"/>
			<flowTarget nodeId="22" portNum="0" pending="False" redMode="MAIN">
				<path>21</path>
				<path>23</path>
			</flowTarget>
		</flow>
	</graph>
</graphml>