<?xml version="1.0" encoding="UTF-8"?>
	<graphml xmlns="http://www.w3schools.com"
	xmlns:xsi="http://www.w3.org/2001/XMLSchema-instance"
	xsi:schemaLocation="wopanets_graph.xsd">
	<graph edgedefault="undirected">
		<TRANS_CAPACITY>100000000</TRANS_CAPACITY>
		<technology>AFDX</technology>
		<engine>null</engine>
		<engineOption>null</engineOption>
		<redundancy>false</redundancy>
		<GRAPH_TYPE>null</GRAPH_TYPE>
		<SHORTEST_PATH_POLICY>null</SHORTEST_PATH_POLICY>
		<OPTMIZED_VARS></OPTMIZED_VARS>
		<defaultPerspective>null</defaultPerspective>
		<USE_TECHNO_PRIO>True</USE_TECHNO_PRIO>
		<PRIO_NUMBER>-1</PRIO_NUMBER>
		<name>Z_10ESE</name>
		<description><![CDATA[Test project with a single switch ; 10 flows are converging to this switch.
Expected delays are 1050 µs for each flow.(this should be validated!)]]></description>
		<duplexMode>FullDuplex</duplexMode>
		<qosClassNum>2</qosClassNum>
		<tabDyn>false</tabDyn>
		<frameStruct>false</frameStruct>
		<subVlMult>false</subVlMult>
		<node classId="AFDXStation" id="1" lid="1" name="AFDX Station 1" nodeType="station">
			<nodeName>AFDX Station 1</nodeName>
			<portNumber>1</portNumber>
			<portOrganization>NONE</portOrganization>
			<transCapacity>100000000</transCapacity>
			<id>1</id>
			<lid>1</lid>
			<redundancyMode>BOTH</redundancyMode>
			<ServicePolicy>FIRST_IN_FIRST_OUT</ServicePolicy>
			<subvlMult>Disabled</subvlMult>
			<subvlMultPolicy>ROUND_ROBIN</subvlMultPolicy>
			<datapacking>Off</datapacking>
			<dpStrategy>NONE</dpStrategy>
			<framestructure>Implicit</framestructure>
			<NODE_IMAGE>Gray.png</NODE_IMAGE>
			<GROUPING_SWITCHES>NONE</GROUPING_SWITCHES>
		</node>
		<node classId="AFDXStation" id="2" lid="2" name="AFDX Station 2" nodeType="station">
			<nodeName>AFDX Station 2</nodeName>
			<portNumber>1</portNumber>
			<portOrganization>NONE</portOrganization>
			<transCapacity>100000000</transCapacity>
			<id>2</id>
			<lid>2</lid>
			<redundancyMode>BOTH</redundancyMode>
			<ServicePolicy>FIRST_IN_FIRST_OUT</ServicePolicy>
			<subvlMult>Disabled</subvlMult>
			<subvlMultPolicy>ROUND_ROBIN</subvlMultPolicy>
			<datapacking>Off</datapacking>
			<dpStrategy>NONE</dpStrategy>
			<framestructure>Implicit</framestructure>
			<NODE_IMAGE>Gray.png</NODE_IMAGE>
			<GROUPING_SWITCHES>NONE</GROUPING_SWITCHES>
		</node>
		<node classId="AFDXStation" id="3" lid="3" name="AFDX Station 3" nodeType="station">
			<nodeName>AFDX Station 3</nodeName>
			<portNumber>1</portNumber>
			<portOrganization>NONE</portOrganization>
			<transCapacity>100000000</transCapacity>
			<id>3</id>
			<lid>3</lid>
			<redundancyMode>BOTH</redundancyMode>
			<ServicePolicy>FIRST_IN_FIRST_OUT</ServicePolicy>
			<subvlMult>Disabled</subvlMult>
			<subvlMultPolicy>ROUND_ROBIN</subvlMultPolicy>
			<datapacking>Off</datapacking>
			<dpStrategy>NONE</dpStrategy>
			<framestructure>Implicit</framestructure>
			<NODE_IMAGE>Gray.png</NODE_IMAGE>
			<GROUPING_SWITCHES>NONE</GROUPING_SWITCHES>
		</node>
		<node classId="AFDXSwitch" id="4" lid="1" name="AFDX Switch 1" nodeType="switch">
			<nodeName>AFDX Switch 1</nodeName>
			<portNumber>16</portNumber>
			<portOrganization>NONE</portOrganization>
			<transCapacity>100000000</transCapacity>
			<id>4</id>
			<lid>1</lid>
			<redundancyMode>MAIN</redundancyMode>
			<ServicePolicy>FIRST_IN_FIRST_OUT</ServicePolicy>
			<techLatency>0</techLatency>
			<swTech>CUT_THROUGH</swTech>
			<weight>-1</weight>
			<outBuffer>65536</outBuffer>
			<tramesLimit></tramesLimit>
			<NODE_IMAGE>switch.png</NODE_IMAGE>
			<GROUPING_SWITCHES>NONE</GROUPING_SWITCHES>
		</node>
		<node classId="AFDXStation" id="10" lid="4" name="AFDX Station 4" nodeType="station">
			<nodeName>AFDX Station 4</nodeName>
			<portNumber>1</portNumber>
			<portOrganization>NONE</portOrganization>
			<transCapacity>100000000</transCapacity>
			<id>10</id>
			<lid>4</lid>
			<redundancyMode>BOTH</redundancyMode>
			<ServicePolicy>FIRST_IN_FIRST_OUT</ServicePolicy>
			<subvlMult>Disabled</subvlMult>
			<subvlMultPolicy>ROUND_ROBIN</subvlMultPolicy>
			<datapacking>Off</datapacking>
			<dpStrategy>NONE</dpStrategy>
			<framestructure>Implicit</framestructure>
			<NODE_IMAGE>Gray.png</NODE_IMAGE>
			<GROUPING_SWITCHES>NONE</GROUPING_SWITCHES>
		</node>
		<node classId="AFDXStation" id="11" lid="5" name="AFDX Station 5" nodeType="station">
			<nodeName>AFDX Station 5</nodeName>
			<portNumber>1</portNumber>
			<portOrganization>NONE</portOrganization>
			<transCapacity>100000000</transCapacity>
			<id>11</id>
			<lid>5</lid>
			<redundancyMode>BOTH</redundancyMode>
			<ServicePolicy>FIRST_IN_FIRST_OUT</ServicePolicy>
			<subvlMult>Disabled</subvlMult>
			<subvlMultPolicy>ROUND_ROBIN</subvlMultPolicy>
			<datapacking>Off</datapacking>
			<dpStrategy>NONE</dpStrategy>
			<framestructure>Implicit</framestructure>
			<NODE_IMAGE>Gray.png</NODE_IMAGE>
			<GROUPING_SWITCHES>NONE</GROUPING_SWITCHES>
		</node>
		<node classId="AFDXStation" id="12" lid="6" name="AFDX Station 6" nodeType="station">
			<nodeName>AFDX Station 6</nodeName>
			<portNumber>1</portNumber>
			<portOrganization>NONE</portOrganization>
			<transCapacity>100000000</transCapacity>
			<id>12</id>
			<lid>6</lid>
			<redundancyMode>BOTH</redundancyMode>
			<ServicePolicy>FIRST_IN_FIRST_OUT</ServicePolicy>
			<subvlMult>Disabled</subvlMult>
			<subvlMultPolicy>ROUND_ROBIN</subvlMultPolicy>
			<datapacking>Off</datapacking>
			<dpStrategy>NONE</dpStrategy>
			<framestructure>Implicit</framestructure>
			<NODE_IMAGE>Gray.png</NODE_IMAGE>
			<GROUPING_SWITCHES>NONE</GROUPING_SWITCHES>
		</node>
		<node classId="AFDXStation" id="13" lid="7" name="AFDX Station 7" nodeType="station">
			<nodeName>AFDX Station 7</nodeName>
			<portNumber>1</portNumber>
			<portOrganization>NONE</portOrganization>
			<transCapacity>100000000</transCapacity>
			<id>13</id>
			<lid>7</lid>
			<redundancyMode>BOTH</redundancyMode>
			<ServicePolicy>FIRST_IN_FIRST_OUT</ServicePolicy>
			<subvlMult>Disabled</subvlMult>
			<subvlMultPolicy>ROUND_ROBIN</subvlMultPolicy>
			<datapacking>Off</datapacking>
			<dpStrategy>NONE</dpStrategy>
			<framestructure>Implicit</framestructure>
			<NODE_IMAGE>Gray.png</NODE_IMAGE>
			<GROUPING_SWITCHES>NONE</GROUPING_SWITCHES>
		</node>
		<node classId="AFDXStation" id="14" lid="8" name="AFDX Station 8" nodeType="station">
			<nodeName>AFDX Station 8</nodeName>
			<portNumber>1</portNumber>
			<portOrganization>NONE</portOrganization>
			<transCapacity>100000000</transCapacity>
			<id>14</id>
			<lid>8</lid>
			<redundancyMode>BOTH</redundancyMode>
			<ServicePolicy>FIRST_IN_FIRST_OUT</ServicePolicy>
			<subvlMult>Disabled</subvlMult>
			<subvlMultPolicy>ROUND_ROBIN</subvlMultPolicy>
			<datapacking>Off</datapacking>
			<dpStrategy>NONE</dpStrategy>
			<framestructure>Implicit</framestructure>
			<NODE_IMAGE>Gray.png</NODE_IMAGE>
			<GROUPING_SWITCHES>NONE</GROUPING_SWITCHES>
		</node>
		<node classId="AFDXStation" id="15" lid="9" name="AFDX Station 9" nodeType="station">
			<nodeName>AFDX Station 9</nodeName>
			<portNumber>1</portNumber>
			<portOrganization>NONE</portOrganization>
			<transCapacity>100000000</transCapacity>
			<id>15</id>
			<lid>9</lid>
			<redundancyMode>BOTH</redundancyMode>
			<ServicePolicy>FIRST_IN_FIRST_OUT</ServicePolicy>
			<subvlMult>Disabled</subvlMult>
			<subvlMultPolicy>ROUND_ROBIN</subvlMultPolicy>
			<datapacking>Off</datapacking>
			<dpStrategy>NONE</dpStrategy>
			<framestructure>Implicit</framestructure>
			<NODE_IMAGE>Gray.png</NODE_IMAGE>
			<GROUPING_SWITCHES>NONE</GROUPING_SWITCHES>
		</node>
		<node classId="AFDXStation" id="16" lid="10" name="AFDX Station 10" nodeType="station">
			<nodeName>AFDX Station 10</nodeName>
			<portNumber>1</portNumber>
			<portOrganization>NONE</portOrganization>
			<transCapacity>100000000</transCapacity>
			<id>16</id>
			<lid>10</lid>
			<redundancyMode>BOTH</redundancyMode>
			<ServicePolicy>FIRST_IN_FIRST_OUT</ServicePolicy>
			<subvlMult>Disabled</subvlMult>
			<subvlMultPolicy>ROUND_ROBIN</subvlMultPolicy>
			<datapacking>Off</datapacking>
			<dpStrategy>NONE</dpStrategy>
			<framestructure>Implicit</framestructure>
			<NODE_IMAGE>Gray.png</NODE_IMAGE>
			<GROUPING_SWITCHES>NONE</GROUPING_SWITCHES>
		</node>
		<node classId="AFDXStation" id="22" lid="11" name="Destination" nodeType="station">
			<nodeName>Destination</nodeName>
			<portNumber>1</portNumber>
			<portOrganization>NONE</portOrganization>
			<transCapacity>100000000</transCapacity>
			<id>22</id>
			<lid>11</lid>
			<redundancyMode>BOTH</redundancyMode>
			<ServicePolicy>FIRST_IN_FIRST_OUT</ServicePolicy>
			<subvlMult>Disabled</subvlMult>
			<subvlMultPolicy>ROUND_ROBIN</subvlMultPolicy>
			<datapacking>Off</datapacking>
			<dpStrategy>NONE</dpStrategy>
			<framestructure>Implicit</framestructure>
			<NODE_IMAGE>Gray.png</NODE_IMAGE>
			<GROUPING_SWITCHES>NONE</GROUPING_SWITCHES>
		</node>
		<edge classId="AFDXEdge" id="5" lid="1" name="AFDX Edge 1" edgeType="link">
			<edgeSource nodeId="1" portNum="0"/>
			<edgeTarget nodeId="4" portNum="0"/>
			<edgeName>AFDX Edge 1</edgeName>
			<transCapacity>100000000</transCapacity>
			<edgeFrom>AFDX Station 1</edgeFrom>
			<edgeTo>AFDX Switch 1</edgeTo>
			<portFrom>0</portFrom>
			<portTo>0</portTo>
			<id>5</id>
			<lid>1</lid>
			<edgeUsageDirect>-1</edgeUsageDirect>
			<edgeUsageReverse>-1</edgeUsageReverse>
			<redundancyMode>MAIN</redundancyMode>
			<duplexMode>FULL_DUPLEX</duplexMode>
		</edge>
		<edge classId="AFDXEdge" id="6" lid="2" name="AFDX Edge 2" edgeType="link">
			<edgeSource nodeId="2" portNum="0"/>
			<edgeTarget nodeId="4" portNum="1"/>
			<edgeName>AFDX Edge 2</edgeName>
			<transCapacity>100000000</transCapacity>
			<edgeFrom>AFDX Station 2</edgeFrom>
			<edgeTo>AFDX Switch 1</edgeTo>
			<portFrom>0</portFrom>
			<portTo>1</portTo>
			<id>6</id>
			<lid>2</lid>
			<edgeUsageDirect>-1</edgeUsageDirect>
			<edgeUsageReverse>-1</edgeUsageReverse>
			<redundancyMode>MAIN</redundancyMode>
			<duplexMode>FULL_DUPLEX</duplexMode>
		</edge>
		<edge classId="AFDXEdge" id="7" lid="3" name="AFDX Edge 3" edgeType="link">
			<edgeSource nodeId="10" portNum="0"/>
			<edgeTarget nodeId="4" portNum="2"/>
			<edgeName>AFDX Edge 3</edgeName>
			<transCapacity>100000000</transCapacity>
			<edgeFrom>AFDX Station 4</edgeFrom>
			<edgeTo>AFDX Switch 1</edgeTo>
			<portFrom>0</portFrom>
			<portTo>2</portTo>
			<id>7</id>
			<lid>3</lid>
			<edgeUsageDirect>-1</edgeUsageDirect>
			<edgeUsageReverse>-1</edgeUsageReverse>
			<redundancyMode>MAIN</redundancyMode>
			<duplexMode>FULL_DUPLEX</duplexMode>
		</edge>
		<edge classId="AFDXEdge" id="8" lid="4" name="AFDX Edge 4" edgeType="link">
			<edgeSource nodeId="3" portNum="0"/>
			<edgeTarget nodeId="4" portNum="3"/>
			<edgeName>AFDX Edge 4</edgeName>
			<transCapacity>100000000</transCapacity>
			<edgeFrom>AFDX Station 3</edgeFrom>
			<edgeTo>AFDX Switch 1</edgeTo>
			<portFrom>0</portFrom>
			<portTo>3</portTo>
			<id>8</id>
			<lid>4</lid>
			<edgeUsageDirect>-1</edgeUsageDirect>
			<edgeUsageReverse>-1</edgeUsageReverse>
			<redundancyMode>MAIN</redundancyMode>
			<duplexMode>FULL_DUPLEX</duplexMode>
		</edge>
		<edge classId="AFDXEdge" id="9" lid="5" name="AFDX Edge 5" edgeType="link">
			<edgeSource nodeId="11" portNum="0"/>
			<edgeTarget nodeId="4" portNum="4"/>
			<edgeName>AFDX Edge 5</edgeName>
			<transCapacity>100000000</transCapacity>
			<edgeFrom>AFDX Station 5</edgeFrom>
			<edgeTo>AFDX Switch 1</edgeTo>
			<portFrom>0</portFrom>
			<portTo>4</portTo>
			<id>9</id>
			<lid>5</lid>
			<edgeUsageDirect>-1</edgeUsageDirect>
			<edgeUsageReverse>-1</edgeUsageReverse>
			<redundancyMode>MAIN</redundancyMode>
			<duplexMode>FULL_DUPLEX</duplexMode>
		</edge>
		<edge classId="AFDXEdge" id="17" lid="6" name="AFDX Edge 6" edgeType="link">
			<edgeSource nodeId="12" portNum="0"/>
			<edgeTarget nodeId="4" portNum="5"/>
			<edgeName>AFDX Edge 6</edgeName>
			<transCapacity>100000000</transCapacity>
			<edgeFrom>AFDX Station 6</edgeFrom>
			<edgeTo>AFDX Switch 1</edgeTo>
			<portFrom>0</portFrom>
			<portTo>5</portTo>
			<id>17</id>
			<lid>6</lid>
			<edgeUsageDirect>-1</edgeUsageDirect>
			<edgeUsageReverse>-1</edgeUsageReverse>
			<redundancyMode>MAIN</redundancyMode>
			<duplexMode>FULL_DUPLEX</duplexMode>
		</edge>
		<edge classId="AFDXEdge" id="18" lid="7" name="AFDX Edge 7" edgeType="link">
			<edgeSource nodeId="13" portNum="0"/>
			<edgeTarget nodeId="4" portNum="6"/>
			<edgeName>AFDX Edge 7</edgeName>
			<transCapacity>100000000</transCapacity>
			<edgeFrom>AFDX Station 7</edgeFrom>
			<edgeTo>AFDX Switch 1</edgeTo>
			<portFrom>0</portFrom>
			<portTo>6</portTo>
			<id>18</id>
			<lid>7</lid>
			<edgeUsageDirect>-1</edgeUsageDirect>
			<edgeUsageReverse>-1</edgeUsageReverse>
			<redundancyMode>MAIN</redundancyMode>
			<duplexMode>FULL_DUPLEX</duplexMode>
		</edge>
		<edge classId="AFDXEdge" id="19" lid="8" name="AFDX Edge 8" edgeType="link">
			<edgeSource nodeId="14" portNum="0"/>
			<edgeTarget nodeId="4" portNum="7"/>
			<edgeName>AFDX Edge 8</edgeName>
			<transCapacity>100000000</transCapacity>
			<edgeFrom>AFDX Station 8</edgeFrom>
			<edgeTo>AFDX Switch 1</edgeTo>
			<portFrom>0</portFrom>
			<portTo>7</portTo>
			<id>19</id>
			<lid>8</lid>
			<edgeUsageDirect>-1</edgeUsageDirect>
			<edgeUsageReverse>-1</edgeUsageReverse>
			<redundancyMode>MAIN</redundancyMode>
			<duplexMode>FULL_DUPLEX</duplexMode>
		</edge>
		<edge classId="AFDXEdge" id="20" lid="9" name="AFDX Edge 9" edgeType="link">
			<edgeSource nodeId="15" portNum="0"/>
			<edgeTarget nodeId="4" portNum="8"/>
			<edgeName>AFDX Edge 9</edgeName>
			<transCapacity>100000000</transCapacity>
			<edgeFrom>AFDX Station 9</edgeFrom>
			<edgeTo>AFDX Switch 1</edgeTo>
			<portFrom>0</portFrom>
			<portTo>8</portTo>
			<id>20</id>
			<lid>9</lid>
			<edgeUsageDirect>-1</edgeUsageDirect>
			<edgeUsageReverse>-1</edgeUsageReverse>
			<redundancyMode>MAIN</redundancyMode>
			<duplexMode>FULL_DUPLEX</duplexMode>
		</edge>
		<edge classId="AFDXEdge" id="21" lid="10" name="AFDX Edge 10" edgeType="link">
			<edgeSource nodeId="16" portNum="0"/>
			<edgeTarget nodeId="4" portNum="9"/>
			<edgeName>AFDX Edge 10</edgeName>
			<transCapacity>100000000</transCapacity>
			<edgeFrom>AFDX Station 10</edgeFrom>
			<edgeTo>AFDX Switch 1</edgeTo>
			<portFrom>0</portFrom>
			<portTo>9</portTo>
			<id>21</id>
			<lid>10</lid>
			<edgeUsageDirect>-1</edgeUsageDirect>
			<edgeUsageReverse>-1</edgeUsageReverse>
			<redundancyMode>MAIN</redundancyMode>
			<duplexMode>FULL_DUPLEX</duplexMode>
		</edge>
		<edge classId="AFDXEdge" id="23" lid="11" name="AFDX Edge 11" edgeType="link">
			<edgeSource nodeId="4" portNum="10"/>
			<edgeTarget nodeId="22" portNum="0"/>
			<edgeName>AFDX Edge 11</edgeName>
			<transCapacity>100000000</transCapacity>
			<edgeFrom>AFDX Switch 1</edgeFrom>
			<edgeTo>Destination</edgeTo>
			<portFrom>10</portFrom>
			<portTo>0</portTo>
			<id>23</id>
			<lid>11</lid>
			<edgeUsageDirect>-1</edgeUsageDirect>
			<edgeUsageReverse>-1</edgeUsageReverse>
			<redundancyMode>MAIN</redundancyMode>
			<duplexMode>FULL_DUPLEX</duplexMode>
		</edge>
	</graph>
</graphml>