<?xml version="1.0" encoding="UTF-8"?>
<graph>
<maxBacklogs>
<node id="4" name="AFDX Switch 1">
<portNumber id="10">11581.0</portNumber>
</node>
</maxBacklogs>
<maxDelays>
<flow id="24" name="AFDX Flow 1">
<target id="22" name="Destination">1012</target>
</flow>
<flow id="33" name="AFDX Flow 10">
<target id="22" name="Destination">1012</target>
</flow>
<flow id="25" name="AFDX Flow 2">
<target id="22" name="Destination">1012</target>
</flow>
<flow id="26" name="AFDX Flow 3">
<target id="22" name="Destination">1012</target>
</flow>
<flow id="27" name="AFDX Flow 4">
<target id="22" name="Destination">1012</target>
</flow>
<flow id="28" name="AFDX Flow 5">
<target id="22" name="Destination">1012</target>
</flow>
<flow id="29" name="AFDX Flow 6">
<target id="22" name="Destination">1012</target>
</flow>
<flow id="30" name="AFDX Flow 7">
<target id="22" name="Destination">1012</target>
</flow>
<flow id="31" name="AFDX Flow 8">
<target id="22" name="Destination">1012</target>
</flow>
<flow id="32" name="AFDX Flow 9">
<target id="22" name="Destination">1012</target>
</flow>
</maxDelays>
<sinkJitters>
<flow id="24" name="AFDX Flow 1">
<target id="22" name="Destination">85</target>
</flow>
<flow id="33" name="AFDX Flow 10">
<target id="22" name="Destination">85</target>
</flow>
<flow id="25" name="AFDX Flow 2">
<target id="22" name="Destination">85</target>
</flow>
<flow id="26" name="AFDX Flow 3">
<target id="22" name="Destination">85</target>
</flow>
<flow id="27" name="AFDX Flow 4">
<target id="22" name="Destination">85</target>
</flow>
<flow id="28" name="AFDX Flow 5">
<target id="22" name="Destination">85</target>
</flow>
<flow id="29" name="AFDX Flow 6">
<target id="22" name="Destination">85</target>
</flow>
<flow id="30" name="AFDX Flow 7">
<target id="22" name="Destination">85</target>
</flow>
<flow id="31" name="AFDX Flow 8">
<target id="22" name="Destination">85</target>
</flow>
<flow id="32" name="AFDX Flow 9">
<target id="22" name="Destination">85</target>
</flow>
</sinkJitters>
<linkLoad>
<edge id="23" name="AFDX Edge 11">
<direct>8.535999594561772E7</direct>
<reverse>0.0</reverse>
</edge>
<edge id="6" name="AFDX Edge 2">
<direct>8535999.594561774</direct>
<reverse>0.0</reverse>
</edge>
<edge id="7" name="AFDX Edge 3">
<direct>8535999.594561774</direct>
<reverse>0.0</reverse>
</edge>
<edge id="21" name="AFDX Edge 10">
<direct>8535999.594561774</direct>
<reverse>0.0</reverse>
</edge>
<edge id="5" name="AFDX Edge 1">
<direct>8535999.594561774</direct>
<reverse>0.0</reverse>
</edge>
<edge id="17" name="AFDX Edge 6">
<direct>8535999.594561774</direct>
<reverse>0.0</reverse>
</edge>
<edge id="18" name="AFDX Edge 7">
<direct>8535999.594561774</direct>
<reverse>0.0</reverse>
</edge>
<edge id="8" name="AFDX Edge 4">
<direct>8535999.594561774</direct>
<reverse>0.0</reverse>
</edge>
<edge id="9" name="AFDX Edge 5">
<direct>8535999.594561774</direct>
<reverse>0.0</reverse>
</edge>
<edge id="19" name="AFDX Edge 8">
<direct>8535999.594561774</direct>
<reverse>0.0</reverse>
</edge>
<edge id="20" name="AFDX Edge 9">
<direct>8535999.594561774</direct>
<reverse>0.0</reverse>
</edge>
</linkLoad>
<maxLossRates>
<temporalConstraints>100.0</temporalConstraints>
<overflow>no</overflow>
</maxLossRates>
</graph>