<?xml version="1.0" encoding="UTF-8"?>
	<graphml xmlns="http://www.w3schools.com"
	xmlns:xsi="http://www.w3.org/2001/XMLSchema-instance"
	xsi:schemaLocation="wopanets_graph.xsd">
	<graph edgedefault="undirected">
		<TRANS_CAPACITY>100000000</TRANS_CAPACITY>
		<technology>AFDX</technology>
		<engine>Native</engine>
		<engineOption>null</engineOption>
		<redundancy></redundancy>
		<GRAPH_TYPE>null</GRAPH_TYPE>
		<SHORTEST_PATH_POLICY>null</SHORTEST_PATH_POLICY>
		<OPTMIZED_VARS>NODE_PORT_NUMBER@@TRANS_CAPACITY@@NODE_SERVICE_POLICY@@NODE_TECH_LATENCY@@NODE_OUT_BUFFER@@NODE_TRAMES_LIMIT@@TRANS_CAPACITY@@NODE_SERVICE_POLICY@@FLOW_PERIOD@@FLOW_PRIORITY@@ROOTING_ALL_ROUTES@@ROOTING_SKIPPING_SWITCHES@@ROOTING_SKIPPING_EDGES@@GROUPING_SWITCHES</OPTMIZED_VARS>
		<defaultPerspective>WoPANetsRCP.perspectiveCalcul</defaultPerspective>
		<USE_TECHNO_PRIO>True</USE_TECHNO_PRIO>
		<PRIO_NUMBER>-1</PRIO_NUMBER>
		<name>AFDX_LIMITED</name>
		<description><![CDATA[]]></description>
		<duplexMode>FullDuplex</duplexMode>
		<qosClassNum>2</qosClassNum>
		<tabDyn>false</tabDyn>
		<frameStruct>false</frameStruct>
		<subVlMult>false</subVlMult>
		<node classId="AFDXStation" id="9" lid="1" name="A1" nodeType="station">
			<nodeName>A1</nodeName>
			<portNumber>1</portNumber>
			<portOrganization>NONE</portOrganization>
			<transCapacity>100000000</transCapacity>
			<id>9</id>
			<lid>1</lid>
			<redundancyMode>BOTH</redundancyMode>
			<ServicePolicy>FIRST_IN_FIRST_OUT</ServicePolicy>
			<subvlMult>Disabled</subvlMult>
			<subvlMultPolicy>ROUND_ROBIN</subvlMultPolicy>
			<datapacking>Off</datapacking>
			<dpStrategy>NONE</dpStrategy>
			<framestructure>Implicit</framestructure>
			<NODE_IMAGE>Gray.png</NODE_IMAGE>
			<GROUPING_SWITCHES>NONE</GROUPING_SWITCHES>
		</node>
		<node classId="AFDXStation" id="10" lid="2" name="A2" nodeType="station">
			<nodeName>A2</nodeName>
			<portNumber>1</portNumber>
			<portOrganization>NONE</portOrganization>
			<transCapacity>100000000</transCapacity>
			<id>10</id>
			<lid>2</lid>
			<redundancyMode>BOTH</redundancyMode>
			<ServicePolicy>FIRST_IN_FIRST_OUT</ServicePolicy>
			<subvlMult>Disabled</subvlMult>
			<subvlMultPolicy>ROUND_ROBIN</subvlMultPolicy>
			<datapacking>Off</datapacking>
			<dpStrategy>NONE</dpStrategy>
			<framestructure>Implicit</framestructure>
			<NODE_IMAGE>Gray.png</NODE_IMAGE>
			<GROUPING_SWITCHES>NONE</GROUPING_SWITCHES>
		</node>
		<node classId="AFDXStation" id="11" lid="3" name="A3" nodeType="station">
			<nodeName>A3</nodeName>
			<portNumber>1</portNumber>
			<portOrganization>NONE</portOrganization>
			<transCapacity>100000000</transCapacity>
			<id>11</id>
			<lid>3</lid>
			<redundancyMode>BOTH</redundancyMode>
			<ServicePolicy>FIRST_IN_FIRST_OUT</ServicePolicy>
			<subvlMult>Disabled</subvlMult>
			<subvlMultPolicy>ROUND_ROBIN</subvlMultPolicy>
			<datapacking>Off</datapacking>
			<dpStrategy>NONE</dpStrategy>
			<framestructure>Implicit</framestructure>
			<NODE_IMAGE>Gray.png</NODE_IMAGE>
			<GROUPING_SWITCHES>NONE</GROUPING_SWITCHES>
		</node>
		<node classId="AFDXStation" id="12" lid="4" name="A4" nodeType="station">
			<nodeName>A4</nodeName>
			<portNumber>1</portNumber>
			<portOrganization>NONE</portOrganization>
			<transCapacity>100000000</transCapacity>
			<id>12</id>
			<lid>4</lid>
			<redundancyMode>BOTH</redundancyMode>
			<ServicePolicy>FIRST_IN_FIRST_OUT</ServicePolicy>
			<subvlMult>Disabled</subvlMult>
			<subvlMultPolicy>ROUND_ROBIN</subvlMultPolicy>
			<datapacking>Off</datapacking>
			<dpStrategy>NONE</dpStrategy>
			<framestructure>Implicit</framestructure>
			<NODE_IMAGE>Gray.png</NODE_IMAGE>
			<GROUPING_SWITCHES>NONE</GROUPING_SWITCHES>
		</node>
		<node classId="AFDXStation" id="13" lid="5" name="A5" nodeType="station">
			<nodeName>A5</nodeName>
			<portNumber>1</portNumber>
			<portOrganization>NONE</portOrganization>
			<transCapacity>100000000</transCapacity>
			<id>13</id>
			<lid>5</lid>
			<redundancyMode>BOTH</redundancyMode>
			<ServicePolicy>FIRST_IN_FIRST_OUT</ServicePolicy>
			<subvlMult>Disabled</subvlMult>
			<subvlMultPolicy>ROUND_ROBIN</subvlMultPolicy>
			<datapacking>Off</datapacking>
			<dpStrategy>NONE</dpStrategy>
			<framestructure>Implicit</framestructure>
			<NODE_IMAGE>Gray.png</NODE_IMAGE>
			<GROUPING_SWITCHES>NONE</GROUPING_SWITCHES>
		</node>
		<node classId="AFDXStation" id="14" lid="6" name="A6" nodeType="station">
			<nodeName>A6</nodeName>
			<portNumber>1</portNumber>
			<portOrganization>NONE</portOrganization>
			<transCapacity>100000000</transCapacity>
			<id>14</id>
			<lid>6</lid>
			<redundancyMode>BOTH</redundancyMode>
			<ServicePolicy>FIRST_IN_FIRST_OUT</ServicePolicy>
			<subvlMult>Disabled</subvlMult>
			<subvlMultPolicy>ROUND_ROBIN</subvlMultPolicy>
			<datapacking>Off</datapacking>
			<dpStrategy>NONE</dpStrategy>
			<framestructure>Implicit</framestructure>
			<NODE_IMAGE>Gray.png</NODE_IMAGE>
			<GROUPING_SWITCHES>NONE</GROUPING_SWITCHES>
		</node>
		<node classId="AFDXStation" id="15" lid="7" name="A7" nodeType="station">
			<nodeName>A7</nodeName>
			<portNumber>1</portNumber>
			<portOrganization>NONE</portOrganization>
			<transCapacity>100000000</transCapacity>
			<id>15</id>
			<lid>7</lid>
			<redundancyMode>BOTH</redundancyMode>
			<ServicePolicy>FIRST_IN_FIRST_OUT</ServicePolicy>
			<subvlMult>Disabled</subvlMult>
			<subvlMultPolicy>ROUND_ROBIN</subvlMultPolicy>
			<datapacking>Off</datapacking>
			<dpStrategy>NONE</dpStrategy>
			<framestructure>Implicit</framestructure>
			<NODE_IMAGE>Gray.png</NODE_IMAGE>
			<GROUPING_SWITCHES>NONE</GROUPING_SWITCHES>
		</node>
		<node classId="AFDXStation" id="16" lid="8" name="A8" nodeType="station">
			<nodeName>A8</nodeName>
			<portNumber>1</portNumber>
			<portOrganization>NONE</portOrganization>
			<transCapacity>100000000</transCapacity>
			<id>16</id>
			<lid>8</lid>
			<redundancyMode>BOTH</redundancyMode>
			<ServicePolicy>FIRST_IN_FIRST_OUT</ServicePolicy>
			<subvlMult>Disabled</subvlMult>
			<subvlMultPolicy>ROUND_ROBIN</subvlMultPolicy>
			<datapacking>Off</datapacking>
			<dpStrategy>NONE</dpStrategy>
			<framestructure>Implicit</framestructure>
			<NODE_IMAGE>Gray.png</NODE_IMAGE>
			<GROUPING_SWITCHES>NONE</GROUPING_SWITCHES>
		</node>
		<node classId="AFDXStation" id="17" lid="9" name="A9" nodeType="station">
			<nodeName>A9</nodeName>
			<portNumber>1</portNumber>
			<portOrganization>NONE</portOrganization>
			<transCapacity>100000000</transCapacity>
			<id>17</id>
			<lid>9</lid>
			<redundancyMode>BOTH</redundancyMode>
			<ServicePolicy>FIRST_IN_FIRST_OUT</ServicePolicy>
			<subvlMult>Disabled</subvlMult>
			<subvlMultPolicy>ROUND_ROBIN</subvlMultPolicy>
			<datapacking>Off</datapacking>
			<dpStrategy>NONE</dpStrategy>
			<framestructure>Implicit</framestructure>
			<NODE_IMAGE>Gray.png</NODE_IMAGE>
			<GROUPING_SWITCHES>NONE</GROUPING_SWITCHES>
		</node>
		<node classId="AFDXStation" id="18" lid="10" name="A10" nodeType="station">
			<nodeName>A10</nodeName>
			<portNumber>1</portNumber>
			<portOrganization>NONE</portOrganization>
			<transCapacity>100000000</transCapacity>
			<id>18</id>
			<lid>10</lid>
			<redundancyMode>BOTH</redundancyMode>
			<ServicePolicy>FIRST_IN_FIRST_OUT</ServicePolicy>
			<subvlMult>Disabled</subvlMult>
			<subvlMultPolicy>ROUND_ROBIN</subvlMultPolicy>
			<datapacking>Off</datapacking>
			<dpStrategy>NONE</dpStrategy>
			<framestructure>Implicit</framestructure>
			<NODE_IMAGE>Gray.png</NODE_IMAGE>
			<GROUPING_SWITCHES>NONE</GROUPING_SWITCHES>
		</node>
		<node classId="AFDXStation" id="19" lid="11" name="A11" nodeType="station">
			<nodeName>A11</nodeName>
			<portNumber>1</portNumber>
			<portOrganization>NONE</portOrganization>
			<transCapacity>100000000</transCapacity>
			<id>19</id>
			<lid>11</lid>
			<redundancyMode>BOTH</redundancyMode>
			<ServicePolicy>FIRST_IN_FIRST_OUT</ServicePolicy>
			<subvlMult>Disabled</subvlMult>
			<subvlMultPolicy>ROUND_ROBIN</subvlMultPolicy>
			<datapacking>Off</datapacking>
			<dpStrategy>NONE</dpStrategy>
			<framestructure>Implicit</framestructure>
			<NODE_IMAGE>Gray.png</NODE_IMAGE>
			<GROUPING_SWITCHES>NONE</GROUPING_SWITCHES>
		</node>
		<node classId="AFDXStation" id="20" lid="12" name="A12" nodeType="station">
			<nodeName>A12</nodeName>
			<portNumber>1</portNumber>
			<portOrganization>NONE</portOrganization>
			<transCapacity>100000000</transCapacity>
			<id>20</id>
			<lid>12</lid>
			<redundancyMode>BOTH</redundancyMode>
			<ServicePolicy>FIRST_IN_FIRST_OUT</ServicePolicy>
			<subvlMult>Disabled</subvlMult>
			<subvlMultPolicy>ROUND_ROBIN</subvlMultPolicy>
			<datapacking>Off</datapacking>
			<dpStrategy>NONE</dpStrategy>
			<framestructure>Implicit</framestructure>
			<NODE_IMAGE>Gray.png</NODE_IMAGE>
			<GROUPING_SWITCHES>NONE</GROUPING_SWITCHES>
		</node>
		<node classId="AFDXStation" id="21" lid="13" name="A13" nodeType="station">
			<nodeName>A13</nodeName>
			<portNumber>1</portNumber>
			<portOrganization>NONE</portOrganization>
			<transCapacity>100000000</transCapacity>
			<id>21</id>
			<lid>13</lid>
			<redundancyMode>BOTH</redundancyMode>
			<ServicePolicy>FIRST_IN_FIRST_OUT</ServicePolicy>
			<subvlMult>Disabled</subvlMult>
			<subvlMultPolicy>ROUND_ROBIN</subvlMultPolicy>
			<datapacking>Off</datapacking>
			<dpStrategy>NONE</dpStrategy>
			<framestructure>Implicit</framestructure>
			<NODE_IMAGE>Gray.png</NODE_IMAGE>
			<GROUPING_SWITCHES>NONE</GROUPING_SWITCHES>
		</node>
		<node classId="AFDXStation" id="22" lid="14" name="A14" nodeType="station">
			<nodeName>A14</nodeName>
			<portNumber>1</portNumber>
			<portOrganization>NONE</portOrganization>
			<transCapacity>100000000</transCapacity>
			<id>22</id>
			<lid>14</lid>
			<redundancyMode>BOTH</redundancyMode>
			<ServicePolicy>FIRST_IN_FIRST_OUT</ServicePolicy>
			<subvlMult>Disabled</subvlMult>
			<subvlMultPolicy>ROUND_ROBIN</subvlMultPolicy>
			<datapacking>Off</datapacking>
			<dpStrategy>NONE</dpStrategy>
			<framestructure>Implicit</framestructure>
			<NODE_IMAGE>Gray.png</NODE_IMAGE>
			<GROUPING_SWITCHES>NONE</GROUPING_SWITCHES>
		</node>
		<node classId="AFDXStation" id="23" lid="15" name="A15" nodeType="station">
			<nodeName>A15</nodeName>
			<portNumber>1</portNumber>
			<portOrganization>NONE</portOrganization>
			<transCapacity>100000000</transCapacity>
			<id>23</id>
			<lid>15</lid>
			<redundancyMode>BOTH</redundancyMode>
			<ServicePolicy>FIRST_IN_FIRST_OUT</ServicePolicy>
			<subvlMult>Disabled</subvlMult>
			<subvlMultPolicy>ROUND_ROBIN</subvlMultPolicy>
			<datapacking>Off</datapacking>
			<dpStrategy>NONE</dpStrategy>
			<framestructure>Implicit</framestructure>
			<NODE_IMAGE>Gray.png</NODE_IMAGE>
			<GROUPING_SWITCHES>NONE</GROUPING_SWITCHES>
		</node>
		<node classId="AFDXStation" id="24" lid="16" name="A16" nodeType="station">
			<nodeName>A16</nodeName>
			<portNumber>1</portNumber>
			<portOrganization>NONE</portOrganization>
			<transCapacity>100000000</transCapacity>
			<id>24</id>
			<lid>16</lid>
			<redundancyMode>BOTH</redundancyMode>
			<ServicePolicy>FIRST_IN_FIRST_OUT</ServicePolicy>
			<subvlMult>Disabled</subvlMult>
			<subvlMultPolicy>ROUND_ROBIN</subvlMultPolicy>
			<datapacking>Off</datapacking>
			<dpStrategy>NONE</dpStrategy>
			<framestructure>Implicit</framestructure>
			<NODE_IMAGE>Gray.png</NODE_IMAGE>
			<GROUPING_SWITCHES>NONE</GROUPING_SWITCHES>
		</node>
		<node classId="AFDXStation" id="25" lid="17" name="A17" nodeType="station">
			<nodeName>A17</nodeName>
			<portNumber>1</portNumber>
			<portOrganization>NONE</portOrganization>
			<transCapacity>100000000</transCapacity>
			<id>25</id>
			<lid>17</lid>
			<redundancyMode>BOTH</redundancyMode>
			<ServicePolicy>FIRST_IN_FIRST_OUT</ServicePolicy>
			<subvlMult>Disabled</subvlMult>
			<subvlMultPolicy>ROUND_ROBIN</subvlMultPolicy>
			<datapacking>Off</datapacking>
			<dpStrategy>NONE</dpStrategy>
			<framestructure>Implicit</framestructure>
			<NODE_IMAGE>Gray.png</NODE_IMAGE>
			<GROUPING_SWITCHES>NONE</GROUPING_SWITCHES>
		</node>
		<node classId="AFDXStation" id="26" lid="18" name="A18" nodeType="station">
			<nodeName>A18</nodeName>
			<portNumber>1</portNumber>
			<portOrganization>NONE</portOrganization>
			<transCapacity>100000000</transCapacity>
			<id>26</id>
			<lid>18</lid>
			<redundancyMode>BOTH</redundancyMode>
			<ServicePolicy>FIRST_IN_FIRST_OUT</ServicePolicy>
			<subvlMult>Disabled</subvlMult>
			<subvlMultPolicy>ROUND_ROBIN</subvlMultPolicy>
			<datapacking>Off</datapacking>
			<dpStrategy>NONE</dpStrategy>
			<framestructure>Implicit</framestructure>
			<NODE_IMAGE>Gray.png</NODE_IMAGE>
			<GROUPING_SWITCHES>NONE</GROUPING_SWITCHES>
		</node>
		<node classId="AFDXStation" id="27" lid="19" name="A19" nodeType="station">
			<nodeName>A19</nodeName>
			<portNumber>1</portNumber>
			<portOrganization>NONE</portOrganization>
			<transCapacity>100000000</transCapacity>
			<id>27</id>
			<lid>19</lid>
			<redundancyMode>BOTH</redundancyMode>
			<ServicePolicy>FIRST_IN_FIRST_OUT</ServicePolicy>
			<subvlMult>Disabled</subvlMult>
			<subvlMultPolicy>ROUND_ROBIN</subvlMultPolicy>
			<datapacking>Off</datapacking>
			<dpStrategy>NONE</dpStrategy>
			<framestructure>Implicit</framestructure>
			<NODE_IMAGE>Gray.png</NODE_IMAGE>
			<GROUPING_SWITCHES>NONE</GROUPING_SWITCHES>
		</node>
		<node classId="AFDXStation" id="28" lid="20" name="A20" nodeType="station">
			<nodeName>A20</nodeName>
			<portNumber>1</portNumber>
			<portOrganization>NONE</portOrganization>
			<transCapacity>100000000</transCapacity>
			<id>28</id>
			<lid>20</lid>
			<redundancyMode>BOTH</redundancyMode>
			<ServicePolicy>FIRST_IN_FIRST_OUT</ServicePolicy>
			<subvlMult>Disabled</subvlMult>
			<subvlMultPolicy>ROUND_ROBIN</subvlMultPolicy>
			<datapacking>Off</datapacking>
			<dpStrategy>NONE</dpStrategy>
			<framestructure>Implicit</framestructure>
			<NODE_IMAGE>Gray.png</NODE_IMAGE>
			<GROUPING_SWITCHES>NONE</GROUPING_SWITCHES>
		</node>
		<node classId="AFDXStation" id="29" lid="21" name="A21" nodeType="station">
			<nodeName>A21</nodeName>
			<portNumber>1</portNumber>
			<portOrganization>NONE</portOrganization>
			<transCapacity>100000000</transCapacity>
			<id>29</id>
			<lid>21</lid>
			<redundancyMode>BOTH</redundancyMode>
			<ServicePolicy>FIRST_IN_FIRST_OUT</ServicePolicy>
			<subvlMult>Disabled</subvlMult>
			<subvlMultPolicy>ROUND_ROBIN</subvlMultPolicy>
			<datapacking>Off</datapacking>
			<dpStrategy>NONE</dpStrategy>
			<framestructure>Implicit</framestructure>
			<NODE_IMAGE>Gray.png</NODE_IMAGE>
			<GROUPING_SWITCHES>NONE</GROUPING_SWITCHES>
		</node>
		<node classId="AFDXStation" id="30" lid="22" name="A22" nodeType="station">
			<nodeName>A22</nodeName>
			<portNumber>1</portNumber>
			<portOrganization>NONE</portOrganization>
			<transCapacity>100000000</transCapacity>
			<id>30</id>
			<lid>22</lid>
			<redundancyMode>BOTH</redundancyMode>
			<ServicePolicy>FIRST_IN_FIRST_OUT</ServicePolicy>
			<subvlMult>Disabled</subvlMult>
			<subvlMultPolicy>ROUND_ROBIN</subvlMultPolicy>
			<datapacking>Off</datapacking>
			<dpStrategy>NONE</dpStrategy>
			<framestructure>Implicit</framestructure>
			<NODE_IMAGE>Gray.png</NODE_IMAGE>
			<GROUPING_SWITCHES>NONE</GROUPING_SWITCHES>
		</node>
		<node classId="AFDXStation" id="31" lid="23" name="A23" nodeType="station">
			<nodeName>A23</nodeName>
			<portNumber>1</portNumber>
			<portOrganization>NONE</portOrganization>
			<transCapacity>100000000</transCapacity>
			<id>31</id>
			<lid>23</lid>
			<redundancyMode>BOTH</redundancyMode>
			<ServicePolicy>FIRST_IN_FIRST_OUT</ServicePolicy>
			<subvlMult>Disabled</subvlMult>
			<subvlMultPolicy>ROUND_ROBIN</subvlMultPolicy>
			<datapacking>Off</datapacking>
			<dpStrategy>NONE</dpStrategy>
			<framestructure>Implicit</framestructure>
			<NODE_IMAGE>Gray.png</NODE_IMAGE>
			<GROUPING_SWITCHES>NONE</GROUPING_SWITCHES>
		</node>
		<node classId="AFDXStation" id="32" lid="24" name="A24" nodeType="station">
			<nodeName>A24</nodeName>
			<portNumber>1</portNumber>
			<portOrganization>NONE</portOrganization>
			<transCapacity>100000000</transCapacity>
			<id>32</id>
			<lid>24</lid>
			<redundancyMode>BOTH</redundancyMode>
			<ServicePolicy>FIRST_IN_FIRST_OUT</ServicePolicy>
			<subvlMult>Disabled</subvlMult>
			<subvlMultPolicy>ROUND_ROBIN</subvlMultPolicy>
			<datapacking>Off</datapacking>
			<dpStrategy>NONE</dpStrategy>
			<framestructure>Implicit</framestructure>
			<NODE_IMAGE>Gray.png</NODE_IMAGE>
			<GROUPING_SWITCHES>NONE</GROUPING_SWITCHES>
		</node>
		<node classId="AFDXStation" id="33" lid="25" name="A25" nodeType="station">
			<nodeName>A25</nodeName>
			<portNumber>1</portNumber>
			<portOrganization>NONE</portOrganization>
			<transCapacity>100000000</transCapacity>
			<id>33</id>
			<lid>25</lid>
			<redundancyMode>BOTH</redundancyMode>
			<ServicePolicy>FIRST_IN_FIRST_OUT</ServicePolicy>
			<subvlMult>Disabled</subvlMult>
			<subvlMultPolicy>ROUND_ROBIN</subvlMultPolicy>
			<datapacking>Off</datapacking>
			<dpStrategy>NONE</dpStrategy>
			<framestructure>Implicit</framestructure>
			<NODE_IMAGE>Gray.png</NODE_IMAGE>
			<GROUPING_SWITCHES>NONE</GROUPING_SWITCHES>
		</node>
		<node classId="AFDXStation" id="34" lid="26" name="A26" nodeType="station">
			<nodeName>A26</nodeName>
			<portNumber>1</portNumber>
			<portOrganization>NONE</portOrganization>
			<transCapacity>100000000</transCapacity>
			<id>34</id>
			<lid>26</lid>
			<redundancyMode>BOTH</redundancyMode>
			<ServicePolicy>FIRST_IN_FIRST_OUT</ServicePolicy>
			<subvlMult>Disabled</subvlMult>
			<subvlMultPolicy>ROUND_ROBIN</subvlMultPolicy>
			<datapacking>Off</datapacking>
			<dpStrategy>NONE</dpStrategy>
			<framestructure>Implicit</framestructure>
			<NODE_IMAGE>Gray.png</NODE_IMAGE>
			<GROUPING_SWITCHES>NONE</GROUPING_SWITCHES>
		</node>
		<node classId="AFDXStation" id="35" lid="27" name="A27" nodeType="station">
			<nodeName>A27</nodeName>
			<portNumber>1</portNumber>
			<portOrganization>NONE</portOrganization>
			<transCapacity>100000000</transCapacity>
			<id>35</id>
			<lid>27</lid>
			<redundancyMode>BOTH</redundancyMode>
			<ServicePolicy>FIRST_IN_FIRST_OUT</ServicePolicy>
			<subvlMult>Disabled</subvlMult>
			<subvlMultPolicy>ROUND_ROBIN</subvlMultPolicy>
			<datapacking>Off</datapacking>
			<dpStrategy>NONE</dpStrategy>
			<framestructure>Implicit</framestructure>
			<NODE_IMAGE>Gray.png</NODE_IMAGE>
			<GROUPING_SWITCHES>NONE</GROUPING_SWITCHES>
		</node>
		<node classId="AFDXStation" id="36" lid="28" name="A28" nodeType="station">
			<nodeName>A28</nodeName>
			<portNumber>1</portNumber>
			<portOrganization>NONE</portOrganization>
			<transCapacity>100000000</transCapacity>
			<id>36</id>
			<lid>28</lid>
			<redundancyMode>BOTH</redundancyMode>
			<ServicePolicy>FIRST_IN_FIRST_OUT</ServicePolicy>
			<subvlMult>Disabled</subvlMult>
			<subvlMultPolicy>ROUND_ROBIN</subvlMultPolicy>
			<datapacking>Off</datapacking>
			<dpStrategy>NONE</dpStrategy>
			<framestructure>Implicit</framestructure>
			<NODE_IMAGE>Gray.png</NODE_IMAGE>
			<GROUPING_SWITCHES>NONE</GROUPING_SWITCHES>
		</node>
		<node classId="AFDXStation" id="37" lid="29" name="A29" nodeType="station">
			<nodeName>A29</nodeName>
			<portNumber>1</portNumber>
			<portOrganization>NONE</portOrganization>
			<transCapacity>100000000</transCapacity>
			<id>37</id>
			<lid>29</lid>
			<redundancyMode>BOTH</redundancyMode>
			<ServicePolicy>FIRST_IN_FIRST_OUT</ServicePolicy>
			<subvlMult>Disabled</subvlMult>
			<subvlMultPolicy>ROUND_ROBIN</subvlMultPolicy>
			<datapacking>Off</datapacking>
			<dpStrategy>NONE</dpStrategy>
			<framestructure>Implicit</framestructure>
			<NODE_IMAGE>Gray.png</NODE_IMAGE>
			<GROUPING_SWITCHES>NONE</GROUPING_SWITCHES>
		</node>
		<node classId="AFDXStation" id="38" lid="30" name="A30" nodeType="station">
			<nodeName>A30</nodeName>
			<portNumber>1</portNumber>
			<portOrganization>NONE</portOrganization>
			<transCapacity>100000000</transCapacity>
			<id>38</id>
			<lid>30</lid>
			<redundancyMode>BOTH</redundancyMode>
			<ServicePolicy>FIRST_IN_FIRST_OUT</ServicePolicy>
			<subvlMult>Disabled</subvlMult>
			<subvlMultPolicy>ROUND_ROBIN</subvlMultPolicy>
			<datapacking>Off</datapacking>
			<dpStrategy>NONE</dpStrategy>
			<framestructure>Implicit</framestructure>
			<NODE_IMAGE>Gray.png</NODE_IMAGE>
			<GROUPING_SWITCHES>NONE</GROUPING_SWITCHES>
		</node>
		<node classId="AFDXStation" id="39" lid="31" name="A31" nodeType="station">
			<nodeName>A31</nodeName>
			<portNumber>1</portNumber>
			<portOrganization>NONE</portOrganization>
			<transCapacity>100000000</transCapacity>
			<id>39</id>
			<lid>31</lid>
			<redundancyMode>BOTH</redundancyMode>
			<ServicePolicy>FIRST_IN_FIRST_OUT</ServicePolicy>
			<subvlMult>Disabled</subvlMult>
			<subvlMultPolicy>ROUND_ROBIN</subvlMultPolicy>
			<datapacking>Off</datapacking>
			<dpStrategy>NONE</dpStrategy>
			<framestructure>Implicit</framestructure>
			<NODE_IMAGE>Gray.png</NODE_IMAGE>
			<GROUPING_SWITCHES>NONE</GROUPING_SWITCHES>
		</node>
		<node classId="AFDXStation" id="40" lid="32" name="A32" nodeType="station">
			<nodeName>A32</nodeName>
			<portNumber>1</portNumber>
			<portOrganization>NONE</portOrganization>
			<transCapacity>100000000</transCapacity>
			<id>40</id>
			<lid>32</lid>
			<redundancyMode>BOTH</redundancyMode>
			<ServicePolicy>FIRST_IN_FIRST_OUT</ServicePolicy>
			<subvlMult>Disabled</subvlMult>
			<subvlMultPolicy>ROUND_ROBIN</subvlMultPolicy>
			<datapacking>Off</datapacking>
			<dpStrategy>NONE</dpStrategy>
			<framestructure>Implicit</framestructure>
			<NODE_IMAGE>Gray.png</NODE_IMAGE>
			<GROUPING_SWITCHES>NONE</GROUPING_SWITCHES>
		</node>
		<node classId="AFDXStation" id="41" lid="33" name="A33" nodeType="station">
			<nodeName>A33</nodeName>
			<portNumber>1</portNumber>
			<portOrganization>NONE</portOrganization>
			<transCapacity>100000000</transCapacity>
			<id>41</id>
			<lid>33</lid>
			<redundancyMode>BOTH</redundancyMode>
			<ServicePolicy>FIRST_IN_FIRST_OUT</ServicePolicy>
			<subvlMult>Disabled</subvlMult>
			<subvlMultPolicy>ROUND_ROBIN</subvlMultPolicy>
			<datapacking>Off</datapacking>
			<dpStrategy>NONE</dpStrategy>
			<framestructure>Implicit</framestructure>
			<NODE_IMAGE>Gray.png</NODE_IMAGE>
			<GROUPING_SWITCHES>NONE</GROUPING_SWITCHES>
		</node>
		<node classId="AFDXStation" id="42" lid="34" name="A34" nodeType="station">
			<nodeName>A34</nodeName>
			<portNumber>1</portNumber>
			<portOrganization>NONE</portOrganization>
			<transCapacity>100000000</transCapacity>
			<id>42</id>
			<lid>34</lid>
			<redundancyMode>BOTH</redundancyMode>
			<ServicePolicy>FIRST_IN_FIRST_OUT</ServicePolicy>
			<subvlMult>Disabled</subvlMult>
			<subvlMultPolicy>ROUND_ROBIN</subvlMultPolicy>
			<datapacking>Off</datapacking>
			<dpStrategy>NONE</dpStrategy>
			<framestructure>Implicit</framestructure>
			<NODE_IMAGE>Gray.png</NODE_IMAGE>
			<GROUPING_SWITCHES>NONE</GROUPING_SWITCHES>
		</node>
		<node classId="AFDXStation" id="43" lid="35" name="A35" nodeType="station">
			<nodeName>A35</nodeName>
			<portNumber>1</portNumber>
			<portOrganization>NONE</portOrganization>
			<transCapacity>100000000</transCapacity>
			<id>43</id>
			<lid>35</lid>
			<redundancyMode>BOTH</redundancyMode>
			<ServicePolicy>FIRST_IN_FIRST_OUT</ServicePolicy>
			<subvlMult>Disabled</subvlMult>
			<subvlMultPolicy>ROUND_ROBIN</subvlMultPolicy>
			<datapacking>Off</datapacking>
			<dpStrategy>NONE</dpStrategy>
			<framestructure>Implicit</framestructure>
			<NODE_IMAGE>Gray.png</NODE_IMAGE>
			<GROUPING_SWITCHES>NONE</GROUPING_SWITCHES>
		</node>
		<node classId="AFDXStation" id="44" lid="36" name="A36" nodeType="station">
			<nodeName>A36</nodeName>
			<portNumber>1</portNumber>
			<portOrganization>NONE</portOrganization>
			<transCapacity>100000000</transCapacity>
			<id>44</id>
			<lid>36</lid>
			<redundancyMode>BOTH</redundancyMode>
			<ServicePolicy>FIRST_IN_FIRST_OUT</ServicePolicy>
			<subvlMult>Disabled</subvlMult>
			<subvlMultPolicy>ROUND_ROBIN</subvlMultPolicy>
			<datapacking>Off</datapacking>
			<dpStrategy>NONE</dpStrategy>
			<framestructure>Implicit</framestructure>
			<NODE_IMAGE>Gray.png</NODE_IMAGE>
			<GROUPING_SWITCHES>NONE</GROUPING_SWITCHES>
		</node>
		<node classId="AFDXStation" id="45" lid="37" name="A37" nodeType="station">
			<nodeName>A37</nodeName>
			<portNumber>1</portNumber>
			<portOrganization>NONE</portOrganization>
			<transCapacity>100000000</transCapacity>
			<id>45</id>
			<lid>37</lid>
			<redundancyMode>BOTH</redundancyMode>
			<ServicePolicy>FIRST_IN_FIRST_OUT</ServicePolicy>
			<subvlMult>Disabled</subvlMult>
			<subvlMultPolicy>ROUND_ROBIN</subvlMultPolicy>
			<datapacking>Off</datapacking>
			<dpStrategy>NONE</dpStrategy>
			<framestructure>Implicit</framestructure>
			<NODE_IMAGE>Gray.png</NODE_IMAGE>
			<GROUPING_SWITCHES>NONE</GROUPING_SWITCHES>
		</node>
		<node classId="AFDXStation" id="46" lid="38" name="A38" nodeType="station">
			<nodeName>A38</nodeName>
			<portNumber>1</portNumber>
			<portOrganization>NONE</portOrganization>
			<transCapacity>100000000</transCapacity>
			<id>46</id>
			<lid>38</lid>
			<redundancyMode>BOTH</redundancyMode>
			<ServicePolicy>FIRST_IN_FIRST_OUT</ServicePolicy>
			<subvlMult>Disabled</subvlMult>
			<subvlMultPolicy>ROUND_ROBIN</subvlMultPolicy>
			<datapacking>Off</datapacking>
			<dpStrategy>NONE</dpStrategy>
			<framestructure>Implicit</framestructure>
			<NODE_IMAGE>Gray.png</NODE_IMAGE>
			<GROUPING_SWITCHES>NONE</GROUPING_SWITCHES>
		</node>
		<node classId="AFDXStation" id="47" lid="39" name="A39" nodeType="station">
			<nodeName>A39</nodeName>
			<portNumber>1</portNumber>
			<portOrganization>NONE</portOrganization>
			<transCapacity>100000000</transCapacity>
			<id>47</id>
			<lid>39</lid>
			<redundancyMode>BOTH</redundancyMode>
			<ServicePolicy>FIRST_IN_FIRST_OUT</ServicePolicy>
			<subvlMult>Disabled</subvlMult>
			<subvlMultPolicy>ROUND_ROBIN</subvlMultPolicy>
			<datapacking>Off</datapacking>
			<dpStrategy>NONE</dpStrategy>
			<framestructure>Implicit</framestructure>
			<NODE_IMAGE>Gray.png</NODE_IMAGE>
			<GROUPING_SWITCHES>NONE</GROUPING_SWITCHES>
		</node>
		<node classId="AFDXStation" id="48" lid="40" name="A40" nodeType="station">
			<nodeName>A40</nodeName>
			<portNumber>1</portNumber>
			<portOrganization>NONE</portOrganization>
			<transCapacity>100000000</transCapacity>
			<id>48</id>
			<lid>40</lid>
			<redundancyMode>BOTH</redundancyMode>
			<ServicePolicy>FIRST_IN_FIRST_OUT</ServicePolicy>
			<subvlMult>Disabled</subvlMult>
			<subvlMultPolicy>ROUND_ROBIN</subvlMultPolicy>
			<datapacking>Off</datapacking>
			<dpStrategy>NONE</dpStrategy>
			<framestructure>Implicit</framestructure>
			<NODE_IMAGE>Gray.png</NODE_IMAGE>
			<GROUPING_SWITCHES>NONE</GROUPING_SWITCHES>
		</node>
		<node classId="AFDXStation" id="49" lid="41" name="A41" nodeType="station">
			<nodeName>A41</nodeName>
			<portNumber>1</portNumber>
			<portOrganization>NONE</portOrganization>
			<transCapacity>100000000</transCapacity>
			<id>49</id>
			<lid>41</lid>
			<redundancyMode>BOTH</redundancyMode>
			<ServicePolicy>FIRST_IN_FIRST_OUT</ServicePolicy>
			<subvlMult>Disabled</subvlMult>
			<subvlMultPolicy>ROUND_ROBIN</subvlMultPolicy>
			<datapacking>Off</datapacking>
			<dpStrategy>NONE</dpStrategy>
			<framestructure>Implicit</framestructure>
			<NODE_IMAGE>Gray.png</NODE_IMAGE>
			<GROUPING_SWITCHES>NONE</GROUPING_SWITCHES>
		</node>
		<node classId="AFDXStation" id="50" lid="42" name="A42" nodeType="station">
			<nodeName>A42</nodeName>
			<portNumber>1</portNumber>
			<portOrganization>NONE</portOrganization>
			<transCapacity>100000000</transCapacity>
			<id>50</id>
			<lid>42</lid>
			<redundancyMode>BOTH</redundancyMode>
			<ServicePolicy>FIRST_IN_FIRST_OUT</ServicePolicy>
			<subvlMult>Disabled</subvlMult>
			<subvlMultPolicy>ROUND_ROBIN</subvlMultPolicy>
			<datapacking>Off</datapacking>
			<dpStrategy>NONE</dpStrategy>
			<framestructure>Implicit</framestructure>
			<NODE_IMAGE>Gray.png</NODE_IMAGE>
			<GROUPING_SWITCHES>NONE</GROUPING_SWITCHES>
		</node>
		<node classId="AFDXStation" id="51" lid="43" name="A43" nodeType="station">
			<nodeName>A43</nodeName>
			<portNumber>1</portNumber>
			<portOrganization>NONE</portOrganization>
			<transCapacity>100000000</transCapacity>
			<id>51</id>
			<lid>43</lid>
			<redundancyMode>BOTH</redundancyMode>
			<ServicePolicy>FIRST_IN_FIRST_OUT</ServicePolicy>
			<subvlMult>Disabled</subvlMult>
			<subvlMultPolicy>ROUND_ROBIN</subvlMultPolicy>
			<datapacking>Off</datapacking>
			<dpStrategy>NONE</dpStrategy>
			<framestructure>Implicit</framestructure>
			<NODE_IMAGE>Gray.png</NODE_IMAGE>
			<GROUPING_SWITCHES>NONE</GROUPING_SWITCHES>
		</node>
		<node classId="AFDXStation" id="52" lid="44" name="A44" nodeType="station">
			<nodeName>A44</nodeName>
			<portNumber>1</portNumber>
			<portOrganization>NONE</portOrganization>
			<transCapacity>100000000</transCapacity>
			<id>52</id>
			<lid>44</lid>
			<redundancyMode>BOTH</redundancyMode>
			<ServicePolicy>FIRST_IN_FIRST_OUT</ServicePolicy>
			<subvlMult>Disabled</subvlMult>
			<subvlMultPolicy>ROUND_ROBIN</subvlMultPolicy>
			<datapacking>Off</datapacking>
			<dpStrategy>NONE</dpStrategy>
			<framestructure>Implicit</framestructure>
			<NODE_IMAGE>Gray.png</NODE_IMAGE>
			<GROUPING_SWITCHES>NONE</GROUPING_SWITCHES>
		</node>
		<node classId="AFDXStation" id="53" lid="45" name="A45" nodeType="station">
			<nodeName>A45</nodeName>
			<portNumber>1</portNumber>
			<portOrganization>NONE</portOrganization>
			<transCapacity>100000000</transCapacity>
			<id>53</id>
			<lid>45</lid>
			<redundancyMode>BOTH</redundancyMode>
			<ServicePolicy>FIRST_IN_FIRST_OUT</ServicePolicy>
			<subvlMult>Disabled</subvlMult>
			<subvlMultPolicy>ROUND_ROBIN</subvlMultPolicy>
			<datapacking>Off</datapacking>
			<dpStrategy>NONE</dpStrategy>
			<framestructure>Implicit</framestructure>
			<NODE_IMAGE>Gray.png</NODE_IMAGE>
			<GROUPING_SWITCHES>NONE</GROUPING_SWITCHES>
		</node>
		<node classId="AFDXStation" id="54" lid="46" name="A46" nodeType="station">
			<nodeName>A46</nodeName>
			<portNumber>1</portNumber>
			<portOrganization>NONE</portOrganization>
			<transCapacity>100000000</transCapacity>
			<id>54</id>
			<lid>46</lid>
			<redundancyMode>BOTH</redundancyMode>
			<ServicePolicy>FIRST_IN_FIRST_OUT</ServicePolicy>
			<subvlMult>Disabled</subvlMult>
			<subvlMultPolicy>ROUND_ROBIN</subvlMultPolicy>
			<datapacking>Off</datapacking>
			<dpStrategy>NONE</dpStrategy>
			<framestructure>Implicit</framestructure>
			<NODE_IMAGE>Gray.png</NODE_IMAGE>
			<GROUPING_SWITCHES>NONE</GROUPING_SWITCHES>
		</node>
		<node classId="AFDXStation" id="55" lid="47" name="A47" nodeType="station">
			<nodeName>A47</nodeName>
			<portNumber>1</portNumber>
			<portOrganization>NONE</portOrganization>
			<transCapacity>100000000</transCapacity>
			<id>55</id>
			<lid>47</lid>
			<redundancyMode>BOTH</redundancyMode>
			<ServicePolicy>FIRST_IN_FIRST_OUT</ServicePolicy>
			<subvlMult>Disabled</subvlMult>
			<subvlMultPolicy>ROUND_ROBIN</subvlMultPolicy>
			<datapacking>Off</datapacking>
			<dpStrategy>NONE</dpStrategy>
			<framestructure>Implicit</framestructure>
			<NODE_IMAGE>Gray.png</NODE_IMAGE>
			<GROUPING_SWITCHES>NONE</GROUPING_SWITCHES>
		</node>
		<node classId="AFDXStation" id="56" lid="48" name="A48" nodeType="station">
			<nodeName>A48</nodeName>
			<portNumber>1</portNumber>
			<portOrganization>NONE</portOrganization>
			<transCapacity>100000000</transCapacity>
			<id>56</id>
			<lid>48</lid>
			<redundancyMode>BOTH</redundancyMode>
			<ServicePolicy>FIRST_IN_FIRST_OUT</ServicePolicy>
			<subvlMult>Disabled</subvlMult>
			<subvlMultPolicy>ROUND_ROBIN</subvlMultPolicy>
			<datapacking>Off</datapacking>
			<dpStrategy>NONE</dpStrategy>
			<framestructure>Implicit</framestructure>
			<NODE_IMAGE>Gray.png</NODE_IMAGE>
			<GROUPING_SWITCHES>NONE</GROUPING_SWITCHES>
		</node>
		<node classId="AFDXStation" id="57" lid="49" name="A49" nodeType="station">
			<nodeName>A49</nodeName>
			<portNumber>1</portNumber>
			<portOrganization>NONE</portOrganization>
			<transCapacity>100000000</transCapacity>
			<id>57</id>
			<lid>49</lid>
			<redundancyMode>BOTH</redundancyMode>
			<ServicePolicy>FIRST_IN_FIRST_OUT</ServicePolicy>
			<subvlMult>Disabled</subvlMult>
			<subvlMultPolicy>ROUND_ROBIN</subvlMultPolicy>
			<datapacking>Off</datapacking>
			<dpStrategy>NONE</dpStrategy>
			<framestructure>Implicit</framestructure>
			<NODE_IMAGE>Gray.png</NODE_IMAGE>
			<GROUPING_SWITCHES>NONE</GROUPING_SWITCHES>
		</node>
		<node classId="AFDXStation" id="58" lid="50" name="A50" nodeType="station">
			<nodeName>A50</nodeName>
			<portNumber>1</portNumber>
			<portOrganization>NONE</portOrganization>
			<transCapacity>100000000</transCapacity>
			<id>58</id>
			<lid>50</lid>
			<redundancyMode>BOTH</redundancyMode>
			<ServicePolicy>FIRST_IN_FIRST_OUT</ServicePolicy>
			<subvlMult>Disabled</subvlMult>
			<subvlMultPolicy>ROUND_ROBIN</subvlMultPolicy>
			<datapacking>Off</datapacking>
			<dpStrategy>NONE</dpStrategy>
			<framestructure>Implicit</framestructure>
			<NODE_IMAGE>Gray.png</NODE_IMAGE>
			<GROUPING_SWITCHES>NONE</GROUPING_SWITCHES>
		</node>
		<node classId="AFDXStation" id="59" lid="51" name="A51" nodeType="station">
			<nodeName>A51</nodeName>
			<portNumber>1</portNumber>
			<portOrganization>NONE</portOrganization>
			<transCapacity>100000000</transCapacity>
			<id>59</id>
			<lid>51</lid>
			<redundancyMode>BOTH</redundancyMode>
			<ServicePolicy>FIRST_IN_FIRST_OUT</ServicePolicy>
			<subvlMult>Disabled</subvlMult>
			<subvlMultPolicy>ROUND_ROBIN</subvlMultPolicy>
			<datapacking>Off</datapacking>
			<dpStrategy>NONE</dpStrategy>
			<framestructure>Implicit</framestructure>
			<NODE_IMAGE>Gray.png</NODE_IMAGE>
			<GROUPING_SWITCHES>NONE</GROUPING_SWITCHES>
		</node>
		<node classId="AFDXStation" id="60" lid="52" name="A52" nodeType="station">
			<nodeName>A52</nodeName>
			<portNumber>1</portNumber>
			<portOrganization>NONE</portOrganization>
			<transCapacity>100000000</transCapacity>
			<id>60</id>
			<lid>52</lid>
			<redundancyMode>BOTH</redundancyMode>
			<ServicePolicy>FIRST_IN_FIRST_OUT</ServicePolicy>
			<subvlMult>Disabled</subvlMult>
			<subvlMultPolicy>ROUND_ROBIN</subvlMultPolicy>
			<datapacking>Off</datapacking>
			<dpStrategy>NONE</dpStrategy>
			<framestructure>Implicit</framestructure>
			<NODE_IMAGE>Gray.png</NODE_IMAGE>
			<GROUPING_SWITCHES>NONE</GROUPING_SWITCHES>
		</node>
		<node classId="AFDXStation" id="61" lid="53" name="A53" nodeType="station">
			<nodeName>A53</nodeName>
			<portNumber>1</portNumber>
			<portOrganization>NONE</portOrganization>
			<transCapacity>100000000</transCapacity>
			<id>61</id>
			<lid>53</lid>
			<redundancyMode>BOTH</redundancyMode>
			<ServicePolicy>FIRST_IN_FIRST_OUT</ServicePolicy>
			<subvlMult>Disabled</subvlMult>
			<subvlMultPolicy>ROUND_ROBIN</subvlMultPolicy>
			<datapacking>Off</datapacking>
			<dpStrategy>NONE</dpStrategy>
			<framestructure>Implicit</framestructure>
			<NODE_IMAGE>Gray.png</NODE_IMAGE>
			<GROUPING_SWITCHES>NONE</GROUPING_SWITCHES>
		</node>
		<node classId="AFDXStation" id="62" lid="54" name="A54" nodeType="station">
			<nodeName>A54</nodeName>
			<portNumber>1</portNumber>
			<portOrganization>NONE</portOrganization>
			<transCapacity>100000000</transCapacity>
			<id>62</id>
			<lid>54</lid>
			<redundancyMode>BOTH</redundancyMode>
			<ServicePolicy>FIRST_IN_FIRST_OUT</ServicePolicy>
			<subvlMult>Disabled</subvlMult>
			<subvlMultPolicy>ROUND_ROBIN</subvlMultPolicy>
			<datapacking>Off</datapacking>
			<dpStrategy>NONE</dpStrategy>
			<framestructure>Implicit</framestructure>
			<NODE_IMAGE>Gray.png</NODE_IMAGE>
			<GROUPING_SWITCHES>NONE</GROUPING_SWITCHES>
		</node>
		<node classId="AFDXStation" id="63" lid="55" name="A55" nodeType="station">
			<nodeName>A55</nodeName>
			<portNumber>1</portNumber>
			<portOrganization>NONE</portOrganization>
			<transCapacity>100000000</transCapacity>
			<id>63</id>
			<lid>55</lid>
			<redundancyMode>BOTH</redundancyMode>
			<ServicePolicy>FIRST_IN_FIRST_OUT</ServicePolicy>
			<subvlMult>Disabled</subvlMult>
			<subvlMultPolicy>ROUND_ROBIN</subvlMultPolicy>
			<datapacking>Off</datapacking>
			<dpStrategy>NONE</dpStrategy>
			<framestructure>Implicit</framestructure>
			<NODE_IMAGE>Gray.png</NODE_IMAGE>
			<GROUPING_SWITCHES>NONE</GROUPING_SWITCHES>
		</node>
		<node classId="AFDXStation" id="64" lid="56" name="A56" nodeType="station">
			<nodeName>A56</nodeName>
			<portNumber>1</portNumber>
			<portOrganization>NONE</portOrganization>
			<transCapacity>100000000</transCapacity>
			<id>64</id>
			<lid>56</lid>
			<redundancyMode>BOTH</redundancyMode>
			<ServicePolicy>FIRST_IN_FIRST_OUT</ServicePolicy>
			<subvlMult>Disabled</subvlMult>
			<subvlMultPolicy>ROUND_ROBIN</subvlMultPolicy>
			<datapacking>Off</datapacking>
			<dpStrategy>NONE</dpStrategy>
			<framestructure>Implicit</framestructure>
			<NODE_IMAGE>Gray.png</NODE_IMAGE>
			<GROUPING_SWITCHES>NONE</GROUPING_SWITCHES>
		</node>
		<node classId="AFDXStation" id="65" lid="57" name="R1" nodeType="station">
			<nodeName>R1</nodeName>
			<portNumber>1</portNumber>
			<portOrganization>NONE</portOrganization>
			<transCapacity>100000000</transCapacity>
			<id>65</id>
			<lid>57</lid>
			<redundancyMode>BOTH</redundancyMode>
			<ServicePolicy>FIRST_IN_FIRST_OUT</ServicePolicy>
			<subvlMult>Disabled</subvlMult>
			<subvlMultPolicy>ROUND_ROBIN</subvlMultPolicy>
			<datapacking>Off</datapacking>
			<dpStrategy>NONE</dpStrategy>
			<framestructure>Implicit</framestructure>
			<NODE_IMAGE>Gray.png</NODE_IMAGE>
			<GROUPING_SWITCHES>NONE</GROUPING_SWITCHES>
		</node>
		<node classId="AFDXStation" id="66" lid="58" name="R2" nodeType="station">
			<nodeName>R2</nodeName>
			<portNumber>1</portNumber>
			<portOrganization>NONE</portOrganization>
			<transCapacity>100000000</transCapacity>
			<id>66</id>
			<lid>58</lid>
			<redundancyMode>BOTH</redundancyMode>
			<ServicePolicy>FIRST_IN_FIRST_OUT</ServicePolicy>
			<subvlMult>Disabled</subvlMult>
			<subvlMultPolicy>ROUND_ROBIN</subvlMultPolicy>
			<datapacking>Off</datapacking>
			<dpStrategy>NONE</dpStrategy>
			<framestructure>Implicit</framestructure>
			<NODE_IMAGE>Gray.png</NODE_IMAGE>
			<GROUPING_SWITCHES>NONE</GROUPING_SWITCHES>
		</node>
		<node classId="AFDXSwitch" id="1" lid="1" name="S1" nodeType="switch">
			<nodeName>S1</nodeName>
			<portNumber>16</portNumber>
			<portOrganization>NONE</portOrganization>
			<transCapacity>100000000</transCapacity>
			<id>1</id>
			<lid>1</lid>
			<redundancyMode>MAIN</redundancyMode>
			<ServicePolicy>FIRST_IN_FIRST_OUT</ServicePolicy>
			<techLatency>0</techLatency>
			<swTech>CUT_THROUGH</swTech>
			<weight>3</weight>
			<outBuffer>65536</outBuffer>
			<tramesLimit>1024</tramesLimit>
			<NODE_IMAGE>switch.png</NODE_IMAGE>
			<GROUPING_SWITCHES>NONE</GROUPING_SWITCHES>
		</node>
		<node classId="AFDXSwitch" id="2" lid="2" name="S2" nodeType="switch">
			<nodeName>S2</nodeName>
			<portNumber>16</portNumber>
			<portOrganization>NONE</portOrganization>
			<transCapacity>100000000</transCapacity>
			<id>2</id>
			<lid>2</lid>
			<redundancyMode>MAIN</redundancyMode>
			<ServicePolicy>FIRST_IN_FIRST_OUT</ServicePolicy>
			<techLatency>0</techLatency>
			<swTech>CUT_THROUGH</swTech>
			<weight>4</weight>
			<outBuffer>65536</outBuffer>
			<tramesLimit>1024</tramesLimit>
			<NODE_IMAGE>switch.png</NODE_IMAGE>
			<GROUPING_SWITCHES>NONE</GROUPING_SWITCHES>
		</node>
		<node classId="AFDXSwitch" id="3" lid="3" name="S3" nodeType="switch">
			<nodeName>S3</nodeName>
			<portNumber>16</portNumber>
			<portOrganization>NONE</portOrganization>
			<transCapacity>100000000</transCapacity>
			<id>3</id>
			<lid>3</lid>
			<redundancyMode>MAIN</redundancyMode>
			<ServicePolicy>FIRST_IN_FIRST_OUT</ServicePolicy>
			<techLatency>0</techLatency>
			<swTech>CUT_THROUGH</swTech>
			<weight>5</weight>
			<outBuffer>65536</outBuffer>
			<tramesLimit>1024</tramesLimit>
			<NODE_IMAGE>switch.png</NODE_IMAGE>
			<GROUPING_SWITCHES>NONE</GROUPING_SWITCHES>
		</node>
		<node classId="AFDXSwitch" id="4" lid="4" name="S4" nodeType="switch">
			<nodeName>S4</nodeName>
			<portNumber>16</portNumber>
			<portOrganization>NONE</portOrganization>
			<transCapacity>100000000</transCapacity>
			<id>4</id>
			<lid>4</lid>
			<redundancyMode>MAIN</redundancyMode>
			<ServicePolicy>FIRST_IN_FIRST_OUT</ServicePolicy>
			<techLatency>0</techLatency>
			<swTech>CUT_THROUGH</swTech>
			<weight>6</weight>
			<outBuffer>65536</outBuffer>
			<tramesLimit>1024</tramesLimit>
			<NODE_IMAGE>switch.png</NODE_IMAGE>
			<GROUPING_SWITCHES>NONE</GROUPING_SWITCHES>
		</node>
		<node classId="AFDXSwitch" id="5" lid="5" name="S5" nodeType="switch">
			<nodeName>S5</nodeName>
			<portNumber>16</portNumber>
			<portOrganization>NONE</portOrganization>
			<transCapacity>100000000</transCapacity>
			<id>5</id>
			<lid>5</lid>
			<redundancyMode>MAIN</redundancyMode>
			<ServicePolicy>FIRST_IN_FIRST_OUT</ServicePolicy>
			<techLatency>0</techLatency>
			<swTech>CUT_THROUGH</swTech>
			<weight>1</weight>
			<outBuffer>65536</outBuffer>
			<tramesLimit>1024</tramesLimit>
			<NODE_IMAGE>switch.png</NODE_IMAGE>
			<GROUPING_SWITCHES>NONE</GROUPING_SWITCHES>
		</node>
		<node classId="AFDXSwitch" id="6" lid="6" name="S6" nodeType="switch">
			<nodeName>S6</nodeName>
			<portNumber>16</portNumber>
			<portOrganization>NONE</portOrganization>
			<transCapacity>100000000</transCapacity>
			<id>6</id>
			<lid>6</lid>
			<redundancyMode>MAIN</redundancyMode>
			<ServicePolicy>FIRST_IN_FIRST_OUT</ServicePolicy>
			<techLatency>0</techLatency>
			<swTech>CUT_THROUGH</swTech>
			<weight>2</weight>
			<outBuffer>65536</outBuffer>
			<tramesLimit>1024</tramesLimit>
			<NODE_IMAGE>switch.png</NODE_IMAGE>
			<GROUPING_SWITCHES>NONE</GROUPING_SWITCHES>
		</node>
		<node classId="AFDXSwitch" id="7" lid="7" name="S7" nodeType="switch">
			<nodeName>S7</nodeName>
			<portNumber>16</portNumber>
			<portOrganization>NONE</portOrganization>
			<transCapacity>100000000</transCapacity>
			<id>7</id>
			<lid>7</lid>
			<redundancyMode>MAIN</redundancyMode>
			<ServicePolicy>FIRST_IN_FIRST_OUT</ServicePolicy>
			<techLatency>0</techLatency>
			<swTech>CUT_THROUGH</swTech>
			<weight>7</weight>
			<outBuffer>65536</outBuffer>
			<tramesLimit>1024</tramesLimit>
			<NODE_IMAGE>switch.png</NODE_IMAGE>
			<GROUPING_SWITCHES>NONE</GROUPING_SWITCHES>
		</node>
		<node classId="AFDXSwitch" id="8" lid="8" name="S8" nodeType="switch">
			<nodeName>S8</nodeName>
			<portNumber>16</portNumber>
			<portOrganization>NONE</portOrganization>
			<transCapacity>100000000</transCapacity>
			<id>8</id>
			<lid>8</lid>
			<redundancyMode>MAIN</redundancyMode>
			<ServicePolicy>FIRST_IN_FIRST_OUT</ServicePolicy>
			<techLatency>0</techLatency>
			<swTech>CUT_THROUGH</swTech>
			<weight>8</weight>
			<outBuffer>65536</outBuffer>
			<tramesLimit>1024</tramesLimit>
			<NODE_IMAGE>switch.png</NODE_IMAGE>
			<GROUPING_SWITCHES>NONE</GROUPING_SWITCHES>
		</node>
		<edge classId="AFDXEdge" id="67" lid="1" name="L1" edgeType="link">
			<edgeSource nodeId="1" portNum="15"/>
			<edgeTarget nodeId="5" portNum="15"/>
			<edgeName>L1</edgeName>
			<transCapacity>100000000</transCapacity>
			<edgeFrom>S1</edgeFrom>
			<edgeTo>S5</edgeTo>
			<portFrom>15</portFrom>
			<portTo>15</portTo>
			<id>67</id>
			<lid>1</lid>
			<edgeUsageDirect>-1</edgeUsageDirect>
			<edgeUsageReverse>-1</edgeUsageReverse>
			<redundancyMode>MAIN</redundancyMode>
			<duplexMode>FULL_DUPLEX</duplexMode>
		</edge>
		<edge classId="AFDXEdge" id="68" lid="2" name="L2" edgeType="link">
			<edgeSource nodeId="2" portNum="15"/>
			<edgeTarget nodeId="6" portNum="15"/>
			<edgeName>L2</edgeName>
			<transCapacity>100000000</transCapacity>
			<edgeFrom>S2</edgeFrom>
			<edgeTo>S6</edgeTo>
			<portFrom>15</portFrom>
			<portTo>15</portTo>
			<id>68</id>
			<lid>2</lid>
			<edgeUsageDirect>-1</edgeUsageDirect>
			<edgeUsageReverse>-1</edgeUsageReverse>
			<redundancyMode>MAIN</redundancyMode>
			<duplexMode>FULL_DUPLEX</duplexMode>
		</edge>
		<edge classId="AFDXEdge" id="69" lid="3" name="L3" edgeType="link">
			<edgeSource nodeId="3" portNum="14"/>
			<edgeTarget nodeId="5" portNum="14"/>
			<edgeName>L3</edgeName>
			<transCapacity>100000000</transCapacity>
			<edgeFrom>S3</edgeFrom>
			<edgeTo>S5</edgeTo>
			<portFrom>14</portFrom>
			<portTo>14</portTo>
			<id>69</id>
			<lid>3</lid>
			<edgeUsageDirect>-1</edgeUsageDirect>
			<edgeUsageReverse>-1</edgeUsageReverse>
			<redundancyMode>MAIN</redundancyMode>
			<duplexMode>FULL_DUPLEX</duplexMode>
		</edge>
		<edge classId="AFDXEdge" id="70" lid="4" name="L4" edgeType="link">
			<edgeSource nodeId="4" portNum="14"/>
			<edgeTarget nodeId="6" portNum="14"/>
			<edgeName>L4</edgeName>
			<transCapacity>100000000</transCapacity>
			<edgeFrom>S4</edgeFrom>
			<edgeTo>S6</edgeTo>
			<portFrom>14</portFrom>
			<portTo>14</portTo>
			<id>70</id>
			<lid>4</lid>
			<edgeUsageDirect>-1</edgeUsageDirect>
			<edgeUsageReverse>-1</edgeUsageReverse>
			<redundancyMode>MAIN</redundancyMode>
			<duplexMode>FULL_DUPLEX</duplexMode>
		</edge>
		<edge classId="AFDXEdge" id="71" lid="5" name="L5" edgeType="link">
			<edgeSource nodeId="5" portNum="12"/>
			<edgeTarget nodeId="7" portNum="12"/>
			<edgeName>L5</edgeName>
			<transCapacity>100000000</transCapacity>
			<edgeFrom>S5</edgeFrom>
			<edgeTo>S7</edgeTo>
			<portFrom>12</portFrom>
			<portTo>12</portTo>
			<id>71</id>
			<lid>5</lid>
			<edgeUsageDirect>-1</edgeUsageDirect>
			<edgeUsageReverse>-1</edgeUsageReverse>
			<redundancyMode>MAIN</redundancyMode>
			<duplexMode>FULL_DUPLEX</duplexMode>
		</edge>
		<edge classId="AFDXEdge" id="72" lid="6" name="L6" edgeType="link">
			<edgeSource nodeId="6" portNum="12"/>
			<edgeTarget nodeId="8" portNum="12"/>
			<edgeName>L6</edgeName>
			<transCapacity>100000000</transCapacity>
			<edgeFrom>S6</edgeFrom>
			<edgeTo>S8</edgeTo>
			<portFrom>12</portFrom>
			<portTo>12</portTo>
			<id>72</id>
			<lid>6</lid>
			<edgeUsageDirect>-1</edgeUsageDirect>
			<edgeUsageReverse>-1</edgeUsageReverse>
			<redundancyMode>MAIN</redundancyMode>
			<duplexMode>FULL_DUPLEX</duplexMode>
		</edge>
		<edge classId="AFDXEdge" id="73" lid="7" name="L7" edgeType="link">
			<edgeSource nodeId="63" portNum="0"/>
			<edgeTarget nodeId="5" portNum="11"/>
			<edgeName>L7</edgeName>
			<transCapacity>100000000</transCapacity>
			<edgeFrom>A55</edgeFrom>
			<edgeTo>S5</edgeTo>
			<portFrom>0</portFrom>
			<portTo>11</portTo>
			<id>73</id>
			<lid>7</lid>
			<edgeUsageDirect>-1</edgeUsageDirect>
			<edgeUsageReverse>-1</edgeUsageReverse>
			<redundancyMode>MAIN</redundancyMode>
			<duplexMode>FULL_DUPLEX</duplexMode>
		</edge>
		<edge classId="AFDXEdge" id="74" lid="8" name="L8" edgeType="link">
			<edgeSource nodeId="64" portNum="0"/>
			<edgeTarget nodeId="6" portNum="11"/>
			<edgeName>L8</edgeName>
			<transCapacity>100000000</transCapacity>
			<edgeFrom>A56</edgeFrom>
			<edgeTo>S6</edgeTo>
			<portFrom>0</portFrom>
			<portTo>11</portTo>
			<id>74</id>
			<lid>8</lid>
			<edgeUsageDirect>-1</edgeUsageDirect>
			<edgeUsageReverse>-1</edgeUsageReverse>
			<redundancyMode>MAIN</redundancyMode>
			<duplexMode>FULL_DUPLEX</duplexMode>
		</edge>
		<edge classId="AFDXEdge" id="75" lid="9" name="L9" edgeType="link">
			<edgeSource nodeId="65" portNum="0"/>
			<edgeTarget nodeId="5" portNum="13"/>
			<edgeName>L9</edgeName>
			<transCapacity>100000000</transCapacity>
			<edgeFrom>R1</edgeFrom>
			<edgeTo>S5</edgeTo>
			<portFrom>0</portFrom>
			<portTo>13</portTo>
			<id>75</id>
			<lid>9</lid>
			<edgeUsageDirect>-1</edgeUsageDirect>
			<edgeUsageReverse>-1</edgeUsageReverse>
			<redundancyMode>MAIN</redundancyMode>
			<duplexMode>FULL_DUPLEX</duplexMode>
		</edge>
		<edge classId="AFDXEdge" id="76" lid="10" name="L10" edgeType="link">
			<edgeSource nodeId="66" portNum="0"/>
			<edgeTarget nodeId="6" portNum="13"/>
			<edgeName>L10</edgeName>
			<transCapacity>100000000</transCapacity>
			<edgeFrom>R2</edgeFrom>
			<edgeTo>S6</edgeTo>
			<portFrom>0</portFrom>
			<portTo>13</portTo>
			<id>76</id>
			<lid>10</lid>
			<edgeUsageDirect>-1</edgeUsageDirect>
			<edgeUsageReverse>-1</edgeUsageReverse>
			<redundancyMode>MAIN</redundancyMode>
			<duplexMode>FULL_DUPLEX</duplexMode>
		</edge>
		<edge classId="AFDXEdge" id="77" lid="11" name="L20" edgeType="link">
			<edgeSource nodeId="1" portNum="14"/>
			<edgeTarget nodeId="2" portNum="14"/>
			<edgeName>L20</edgeName>
			<transCapacity>100000000</transCapacity>
			<edgeFrom>S1</edgeFrom>
			<edgeTo>S2</edgeTo>
			<portFrom>14</portFrom>
			<portTo>14</portTo>
			<id>77</id>
			<lid>11</lid>
			<edgeUsageDirect>-1</edgeUsageDirect>
			<edgeUsageReverse>-1</edgeUsageReverse>
			<redundancyMode>MAIN</redundancyMode>
			<duplexMode>FULL_DUPLEX</duplexMode>
		</edge>
		<edge classId="AFDXEdge" id="78" lid="12" name="L21" edgeType="link">
			<edgeSource nodeId="3" portNum="15"/>
			<edgeTarget nodeId="4" portNum="15"/>
			<edgeName>L21</edgeName>
			<transCapacity>100000000</transCapacity>
			<edgeFrom>S3</edgeFrom>
			<edgeTo>S4</edgeTo>
			<portFrom>15</portFrom>
			<portTo>15</portTo>
			<id>78</id>
			<lid>12</lid>
			<edgeUsageDirect>-1</edgeUsageDirect>
			<edgeUsageReverse>-1</edgeUsageReverse>
			<redundancyMode>MAIN</redundancyMode>
			<duplexMode>FULL_DUPLEX</duplexMode>
		</edge>
		<edge classId="AFDXEdge" id="79" lid="13" name="L22" edgeType="link">
			<edgeSource nodeId="5" portNum="10"/>
			<edgeTarget nodeId="6" portNum="10"/>
			<edgeName>L22</edgeName>
			<transCapacity>100000000</transCapacity>
			<edgeFrom>S5</edgeFrom>
			<edgeTo>S6</edgeTo>
			<portFrom>10</portFrom>
			<portTo>10</portTo>
			<id>79</id>
			<lid>13</lid>
			<edgeUsageDirect>-1</edgeUsageDirect>
			<edgeUsageReverse>-1</edgeUsageReverse>
			<redundancyMode>MAIN</redundancyMode>
			<duplexMode>FULL_DUPLEX</duplexMode>
		</edge>
		<edge classId="AFDXEdge" id="80" lid="14" name="L23" edgeType="link">
			<edgeSource nodeId="7" portNum="15"/>
			<edgeTarget nodeId="8" portNum="15"/>
			<edgeName>L23</edgeName>
			<transCapacity>100000000</transCapacity>
			<edgeFrom>S7</edgeFrom>
			<edgeTo>S8</edgeTo>
			<portFrom>15</portFrom>
			<portTo>15</portTo>
			<id>80</id>
			<lid>14</lid>
			<edgeUsageDirect>-1</edgeUsageDirect>
			<edgeUsageReverse>-1</edgeUsageReverse>
			<redundancyMode>MAIN</redundancyMode>
			<duplexMode>FULL_DUPLEX</duplexMode>
		</edge>
		<edge classId="AFDXEdge" id="81" lid="15" name="L1-1" edgeType="link">
			<edgeSource nodeId="9" portNum="0"/>
			<edgeTarget nodeId="1" portNum="0"/>
			<edgeName>L1-1</edgeName>
			<transCapacity>100000000</transCapacity>
			<edgeFrom>A1</edgeFrom>
			<edgeTo>S1</edgeTo>
			<portFrom>0</portFrom>
			<portTo>0</portTo>
			<id>81</id>
			<lid>15</lid>
			<edgeUsageDirect>-1</edgeUsageDirect>
			<edgeUsageReverse>-1</edgeUsageReverse>
			<redundancyMode>MAIN</redundancyMode>
			<duplexMode>FULL_DUPLEX</duplexMode>
		</edge>
		<edge classId="AFDXEdge" id="82" lid="16" name="L1-2" edgeType="link">
			<edgeSource nodeId="10" portNum="0"/>
			<edgeTarget nodeId="1" portNum="1"/>
			<edgeName>L1-2</edgeName>
			<transCapacity>100000000</transCapacity>
			<edgeFrom>A2</edgeFrom>
			<edgeTo>S1</edgeTo>
			<portFrom>0</portFrom>
			<portTo>1</portTo>
			<id>82</id>
			<lid>16</lid>
			<edgeUsageDirect>-1</edgeUsageDirect>
			<edgeUsageReverse>-1</edgeUsageReverse>
			<redundancyMode>MAIN</redundancyMode>
			<duplexMode>FULL_DUPLEX</duplexMode>
		</edge>
		<edge classId="AFDXEdge" id="83" lid="17" name="L1-3" edgeType="link">
			<edgeSource nodeId="11" portNum="0"/>
			<edgeTarget nodeId="1" portNum="2"/>
			<edgeName>L1-3</edgeName>
			<transCapacity>100000000</transCapacity>
			<edgeFrom>A3</edgeFrom>
			<edgeTo>S1</edgeTo>
			<portFrom>0</portFrom>
			<portTo>2</portTo>
			<id>83</id>
			<lid>17</lid>
			<edgeUsageDirect>-1</edgeUsageDirect>
			<edgeUsageReverse>-1</edgeUsageReverse>
			<redundancyMode>MAIN</redundancyMode>
			<duplexMode>FULL_DUPLEX</duplexMode>
		</edge>
		<edge classId="AFDXEdge" id="84" lid="18" name="L1-4" edgeType="link">
			<edgeSource nodeId="12" portNum="0"/>
			<edgeTarget nodeId="1" portNum="3"/>
			<edgeName>L1-4</edgeName>
			<transCapacity>100000000</transCapacity>
			<edgeFrom>A4</edgeFrom>
			<edgeTo>S1</edgeTo>
			<portFrom>0</portFrom>
			<portTo>3</portTo>
			<id>84</id>
			<lid>18</lid>
			<edgeUsageDirect>-1</edgeUsageDirect>
			<edgeUsageReverse>-1</edgeUsageReverse>
			<redundancyMode>MAIN</redundancyMode>
			<duplexMode>FULL_DUPLEX</duplexMode>
		</edge>
		<edge classId="AFDXEdge" id="85" lid="19" name="L1-5" edgeType="link">
			<edgeSource nodeId="13" portNum="0"/>
			<edgeTarget nodeId="1" portNum="4"/>
			<edgeName>L1-5</edgeName>
			<transCapacity>100000000</transCapacity>
			<edgeFrom>A5</edgeFrom>
			<edgeTo>S1</edgeTo>
			<portFrom>0</portFrom>
			<portTo>4</portTo>
			<id>85</id>
			<lid>19</lid>
			<edgeUsageDirect>-1</edgeUsageDirect>
			<edgeUsageReverse>-1</edgeUsageReverse>
			<redundancyMode>MAIN</redundancyMode>
			<duplexMode>FULL_DUPLEX</duplexMode>
		</edge>
		<edge classId="AFDXEdge" id="86" lid="20" name="L1-6" edgeType="link">
			<edgeSource nodeId="14" portNum="0"/>
			<edgeTarget nodeId="1" portNum="5"/>
			<edgeName>L1-6</edgeName>
			<transCapacity>100000000</transCapacity>
			<edgeFrom>A6</edgeFrom>
			<edgeTo>S1</edgeTo>
			<portFrom>0</portFrom>
			<portTo>5</portTo>
			<id>86</id>
			<lid>20</lid>
			<edgeUsageDirect>-1</edgeUsageDirect>
			<edgeUsageReverse>-1</edgeUsageReverse>
			<redundancyMode>MAIN</redundancyMode>
			<duplexMode>FULL_DUPLEX</duplexMode>
		</edge>
		<edge classId="AFDXEdge" id="87" lid="21" name="L1-7" edgeType="link">
			<edgeSource nodeId="15" portNum="0"/>
			<edgeTarget nodeId="1" portNum="6"/>
			<edgeName>L1-7</edgeName>
			<transCapacity>100000000</transCapacity>
			<edgeFrom>A7</edgeFrom>
			<edgeTo>S1</edgeTo>
			<portFrom>0</portFrom>
			<portTo>6</portTo>
			<id>87</id>
			<lid>21</lid>
			<edgeUsageDirect>-1</edgeUsageDirect>
			<edgeUsageReverse>-1</edgeUsageReverse>
			<redundancyMode>MAIN</redundancyMode>
			<duplexMode>FULL_DUPLEX</duplexMode>
		</edge>
		<edge classId="AFDXEdge" id="88" lid="22" name="L1-8" edgeType="link">
			<edgeSource nodeId="16" portNum="0"/>
			<edgeTarget nodeId="1" portNum="7"/>
			<edgeName>L1-8</edgeName>
			<transCapacity>100000000</transCapacity>
			<edgeFrom>A8</edgeFrom>
			<edgeTo>S1</edgeTo>
			<portFrom>0</portFrom>
			<portTo>7</portTo>
			<id>88</id>
			<lid>22</lid>
			<edgeUsageDirect>-1</edgeUsageDirect>
			<edgeUsageReverse>-1</edgeUsageReverse>
			<redundancyMode>MAIN</redundancyMode>
			<duplexMode>FULL_DUPLEX</duplexMode>
		</edge>
		<edge classId="AFDXEdge" id="89" lid="23" name="L2-1" edgeType="link">
			<edgeSource nodeId="17" portNum="0"/>
			<edgeTarget nodeId="2" portNum="0"/>
			<edgeName>L2-1</edgeName>
			<transCapacity>100000000</transCapacity>
			<edgeFrom>A9</edgeFrom>
			<edgeTo>S2</edgeTo>
			<portFrom>0</portFrom>
			<portTo>0</portTo>
			<id>89</id>
			<lid>23</lid>
			<edgeUsageDirect>-1</edgeUsageDirect>
			<edgeUsageReverse>-1</edgeUsageReverse>
			<redundancyMode>MAIN</redundancyMode>
			<duplexMode>FULL_DUPLEX</duplexMode>
		</edge>
		<edge classId="AFDXEdge" id="90" lid="24" name="L2-2" edgeType="link">
			<edgeSource nodeId="18" portNum="0"/>
			<edgeTarget nodeId="2" portNum="1"/>
			<edgeName>L2-2</edgeName>
			<transCapacity>100000000</transCapacity>
			<edgeFrom>A10</edgeFrom>
			<edgeTo>S2</edgeTo>
			<portFrom>0</portFrom>
			<portTo>1</portTo>
			<id>90</id>
			<lid>24</lid>
			<edgeUsageDirect>-1</edgeUsageDirect>
			<edgeUsageReverse>-1</edgeUsageReverse>
			<redundancyMode>MAIN</redundancyMode>
			<duplexMode>FULL_DUPLEX</duplexMode>
		</edge>
		<edge classId="AFDXEdge" id="91" lid="25" name="L2-3" edgeType="link">
			<edgeSource nodeId="19" portNum="0"/>
			<edgeTarget nodeId="2" portNum="2"/>
			<edgeName>L2-3</edgeName>
			<transCapacity>100000000</transCapacity>
			<edgeFrom>A11</edgeFrom>
			<edgeTo>S2</edgeTo>
			<portFrom>0</portFrom>
			<portTo>2</portTo>
			<id>91</id>
			<lid>25</lid>
			<edgeUsageDirect>-1</edgeUsageDirect>
			<edgeUsageReverse>-1</edgeUsageReverse>
			<redundancyMode>MAIN</redundancyMode>
			<duplexMode>FULL_DUPLEX</duplexMode>
		</edge>
		<edge classId="AFDXEdge" id="92" lid="26" name="L2-4" edgeType="link">
			<edgeSource nodeId="20" portNum="0"/>
			<edgeTarget nodeId="2" portNum="3"/>
			<edgeName>L2-4</edgeName>
			<transCapacity>100000000</transCapacity>
			<edgeFrom>A12</edgeFrom>
			<edgeTo>S2</edgeTo>
			<portFrom>0</portFrom>
			<portTo>3</portTo>
			<id>92</id>
			<lid>26</lid>
			<edgeUsageDirect>-1</edgeUsageDirect>
			<edgeUsageReverse>-1</edgeUsageReverse>
			<redundancyMode>MAIN</redundancyMode>
			<duplexMode>FULL_DUPLEX</duplexMode>
		</edge>
		<edge classId="AFDXEdge" id="93" lid="27" name="L2-5" edgeType="link">
			<edgeSource nodeId="21" portNum="0"/>
			<edgeTarget nodeId="2" portNum="4"/>
			<edgeName>L2-5</edgeName>
			<transCapacity>100000000</transCapacity>
			<edgeFrom>A13</edgeFrom>
			<edgeTo>S2</edgeTo>
			<portFrom>0</portFrom>
			<portTo>4</portTo>
			<id>93</id>
			<lid>27</lid>
			<edgeUsageDirect>-1</edgeUsageDirect>
			<edgeUsageReverse>-1</edgeUsageReverse>
			<redundancyMode>MAIN</redundancyMode>
			<duplexMode>FULL_DUPLEX</duplexMode>
		</edge>
		<edge classId="AFDXEdge" id="94" lid="28" name="L2-6" edgeType="link">
			<edgeSource nodeId="22" portNum="0"/>
			<edgeTarget nodeId="2" portNum="5"/>
			<edgeName>L2-6</edgeName>
			<transCapacity>100000000</transCapacity>
			<edgeFrom>A14</edgeFrom>
			<edgeTo>S2</edgeTo>
			<portFrom>0</portFrom>
			<portTo>5</portTo>
			<id>94</id>
			<lid>28</lid>
			<edgeUsageDirect>-1</edgeUsageDirect>
			<edgeUsageReverse>-1</edgeUsageReverse>
			<redundancyMode>MAIN</redundancyMode>
			<duplexMode>FULL_DUPLEX</duplexMode>
		</edge>
		<edge classId="AFDXEdge" id="95" lid="29" name="L2-7" edgeType="link">
			<edgeSource nodeId="23" portNum="0"/>
			<edgeTarget nodeId="2" portNum="6"/>
			<edgeName>L2-7</edgeName>
			<transCapacity>100000000</transCapacity>
			<edgeFrom>A15</edgeFrom>
			<edgeTo>S2</edgeTo>
			<portFrom>0</portFrom>
			<portTo>6</portTo>
			<id>95</id>
			<lid>29</lid>
			<edgeUsageDirect>-1</edgeUsageDirect>
			<edgeUsageReverse>-1</edgeUsageReverse>
			<redundancyMode>MAIN</redundancyMode>
			<duplexMode>FULL_DUPLEX</duplexMode>
		</edge>
		<edge classId="AFDXEdge" id="96" lid="30" name="L2-8" edgeType="link">
			<edgeSource nodeId="24" portNum="0"/>
			<edgeTarget nodeId="2" portNum="7"/>
			<edgeName>L2-8</edgeName>
			<transCapacity>100000000</transCapacity>
			<edgeFrom>A16</edgeFrom>
			<edgeTo>S2</edgeTo>
			<portFrom>0</portFrom>
			<portTo>7</portTo>
			<id>96</id>
			<lid>30</lid>
			<edgeUsageDirect>-1</edgeUsageDirect>
			<edgeUsageReverse>-1</edgeUsageReverse>
			<redundancyMode>MAIN</redundancyMode>
			<duplexMode>FULL_DUPLEX</duplexMode>
		</edge>
		<edge classId="AFDXEdge" id="97" lid="31" name="L3-1" edgeType="link">
			<edgeSource nodeId="25" portNum="0"/>
			<edgeTarget nodeId="3" portNum="0"/>
			<edgeName>L3-1</edgeName>
			<transCapacity>100000000</transCapacity>
			<edgeFrom>A17</edgeFrom>
			<edgeTo>S3</edgeTo>
			<portFrom>0</portFrom>
			<portTo>0</portTo>
			<id>97</id>
			<lid>31</lid>
			<edgeUsageDirect>-1</edgeUsageDirect>
			<edgeUsageReverse>-1</edgeUsageReverse>
			<redundancyMode>MAIN</redundancyMode>
			<duplexMode>FULL_DUPLEX</duplexMode>
		</edge>
		<edge classId="AFDXEdge" id="98" lid="32" name="L3-2" edgeType="link">
			<edgeSource nodeId="26" portNum="0"/>
			<edgeTarget nodeId="3" portNum="1"/>
			<edgeName>L3-2</edgeName>
			<transCapacity>100000000</transCapacity>
			<edgeFrom>A18</edgeFrom>
			<edgeTo>S3</edgeTo>
			<portFrom>0</portFrom>
			<portTo>1</portTo>
			<id>98</id>
			<lid>32</lid>
			<edgeUsageDirect>-1</edgeUsageDirect>
			<edgeUsageReverse>-1</edgeUsageReverse>
			<redundancyMode>MAIN</redundancyMode>
			<duplexMode>FULL_DUPLEX</duplexMode>
		</edge>
		<edge classId="AFDXEdge" id="99" lid="33" name="L3-3" edgeType="link">
			<edgeSource nodeId="27" portNum="0"/>
			<edgeTarget nodeId="3" portNum="2"/>
			<edgeName>L3-3</edgeName>
			<transCapacity>100000000</transCapacity>
			<edgeFrom>A19</edgeFrom>
			<edgeTo>S3</edgeTo>
			<portFrom>0</portFrom>
			<portTo>2</portTo>
			<id>99</id>
			<lid>33</lid>
			<edgeUsageDirect>-1</edgeUsageDirect>
			<edgeUsageReverse>-1</edgeUsageReverse>
			<redundancyMode>MAIN</redundancyMode>
			<duplexMode>FULL_DUPLEX</duplexMode>
		</edge>
		<edge classId="AFDXEdge" id="100" lid="34" name="L3-4" edgeType="link">
			<edgeSource nodeId="28" portNum="0"/>
			<edgeTarget nodeId="3" portNum="3"/>
			<edgeName>L3-4</edgeName>
			<transCapacity>100000000</transCapacity>
			<edgeFrom>A20</edgeFrom>
			<edgeTo>S3</edgeTo>
			<portFrom>0</portFrom>
			<portTo>3</portTo>
			<id>100</id>
			<lid>34</lid>
			<edgeUsageDirect>-1</edgeUsageDirect>
			<edgeUsageReverse>-1</edgeUsageReverse>
			<redundancyMode>MAIN</redundancyMode>
			<duplexMode>FULL_DUPLEX</duplexMode>
		</edge>
		<edge classId="AFDXEdge" id="101" lid="35" name="L3-5" edgeType="link">
			<edgeSource nodeId="29" portNum="0"/>
			<edgeTarget nodeId="3" portNum="4"/>
			<edgeName>L3-5</edgeName>
			<transCapacity>100000000</transCapacity>
			<edgeFrom>A21</edgeFrom>
			<edgeTo>S3</edgeTo>
			<portFrom>0</portFrom>
			<portTo>4</portTo>
			<id>101</id>
			<lid>35</lid>
			<edgeUsageDirect>-1</edgeUsageDirect>
			<edgeUsageReverse>-1</edgeUsageReverse>
			<redundancyMode>MAIN</redundancyMode>
			<duplexMode>FULL_DUPLEX</duplexMode>
		</edge>
		<edge classId="AFDXEdge" id="102" lid="36" name="L3-6" edgeType="link">
			<edgeSource nodeId="30" portNum="0"/>
			<edgeTarget nodeId="3" portNum="5"/>
			<edgeName>L3-6</edgeName>
			<transCapacity>100000000</transCapacity>
			<edgeFrom>A22</edgeFrom>
			<edgeTo>S3</edgeTo>
			<portFrom>0</portFrom>
			<portTo>5</portTo>
			<id>102</id>
			<lid>36</lid>
			<edgeUsageDirect>-1</edgeUsageDirect>
			<edgeUsageReverse>-1</edgeUsageReverse>
			<redundancyMode>MAIN</redundancyMode>
			<duplexMode>FULL_DUPLEX</duplexMode>
		</edge>
		<edge classId="AFDXEdge" id="103" lid="37" name="L3-7" edgeType="link">
			<edgeSource nodeId="31" portNum="0"/>
			<edgeTarget nodeId="3" portNum="6"/>
			<edgeName>L3-7</edgeName>
			<transCapacity>100000000</transCapacity>
			<edgeFrom>A23</edgeFrom>
			<edgeTo>S3</edgeTo>
			<portFrom>0</portFrom>
			<portTo>6</portTo>
			<id>103</id>
			<lid>37</lid>
			<edgeUsageDirect>-1</edgeUsageDirect>
			<edgeUsageReverse>-1</edgeUsageReverse>
			<redundancyMode>MAIN</redundancyMode>
			<duplexMode>FULL_DUPLEX</duplexMode>
		</edge>
		<edge classId="AFDXEdge" id="104" lid="38" name="L3-8" edgeType="link">
			<edgeSource nodeId="32" portNum="0"/>
			<edgeTarget nodeId="3" portNum="7"/>
			<edgeName>L3-8</edgeName>
			<transCapacity>100000000</transCapacity>
			<edgeFrom>A24</edgeFrom>
			<edgeTo>S3</edgeTo>
			<portFrom>0</portFrom>
			<portTo>7</portTo>
			<id>104</id>
			<lid>38</lid>
			<edgeUsageDirect>-1</edgeUsageDirect>
			<edgeUsageReverse>-1</edgeUsageReverse>
			<redundancyMode>MAIN</redundancyMode>
			<duplexMode>FULL_DUPLEX</duplexMode>
		</edge>
		<edge classId="AFDXEdge" id="105" lid="39" name="L3-9" edgeType="link">
			<edgeSource nodeId="33" portNum="0"/>
			<edgeTarget nodeId="3" portNum="8"/>
			<edgeName>L3-9</edgeName>
			<transCapacity>100000000</transCapacity>
			<edgeFrom>A25</edgeFrom>
			<edgeTo>S3</edgeTo>
			<portFrom>0</portFrom>
			<portTo>8</portTo>
			<id>105</id>
			<lid>39</lid>
			<edgeUsageDirect>-1</edgeUsageDirect>
			<edgeUsageReverse>-1</edgeUsageReverse>
			<redundancyMode>MAIN</redundancyMode>
			<duplexMode>FULL_DUPLEX</duplexMode>
		</edge>
		<edge classId="AFDXEdge" id="106" lid="40" name="L3-10" edgeType="link">
			<edgeSource nodeId="34" portNum="0"/>
			<edgeTarget nodeId="3" portNum="9"/>
			<edgeName>L3-10</edgeName>
			<transCapacity>100000000</transCapacity>
			<edgeFrom>A26</edgeFrom>
			<edgeTo>S3</edgeTo>
			<portFrom>0</portFrom>
			<portTo>9</portTo>
			<id>106</id>
			<lid>40</lid>
			<edgeUsageDirect>-1</edgeUsageDirect>
			<edgeUsageReverse>-1</edgeUsageReverse>
			<redundancyMode>MAIN</redundancyMode>
			<duplexMode>FULL_DUPLEX</duplexMode>
		</edge>
		<edge classId="AFDXEdge" id="107" lid="41" name="L3-11" edgeType="link">
			<edgeSource nodeId="35" portNum="0"/>
			<edgeTarget nodeId="3" portNum="10"/>
			<edgeName>L3-11</edgeName>
			<transCapacity>100000000</transCapacity>
			<edgeFrom>A27</edgeFrom>
			<edgeTo>S3</edgeTo>
			<portFrom>0</portFrom>
			<portTo>10</portTo>
			<id>107</id>
			<lid>41</lid>
			<edgeUsageDirect>-1</edgeUsageDirect>
			<edgeUsageReverse>-1</edgeUsageReverse>
			<redundancyMode>MAIN</redundancyMode>
			<duplexMode>FULL_DUPLEX</duplexMode>
		</edge>
		<edge classId="AFDXEdge" id="108" lid="42" name="L3-12" edgeType="link">
			<edgeSource nodeId="36" portNum="0"/>
			<edgeTarget nodeId="3" portNum="11"/>
			<edgeName>L3-12</edgeName>
			<transCapacity>100000000</transCapacity>
			<edgeFrom>A28</edgeFrom>
			<edgeTo>S3</edgeTo>
			<portFrom>0</portFrom>
			<portTo>11</portTo>
			<id>108</id>
			<lid>42</lid>
			<edgeUsageDirect>-1</edgeUsageDirect>
			<edgeUsageReverse>-1</edgeUsageReverse>
			<redundancyMode>MAIN</redundancyMode>
			<duplexMode>FULL_DUPLEX</duplexMode>
		</edge>
		<edge classId="AFDXEdge" id="109" lid="43" name="L3-13" edgeType="link">
			<edgeSource nodeId="37" portNum="0"/>
			<edgeTarget nodeId="3" portNum="12"/>
			<edgeName>L3-13</edgeName>
			<transCapacity>100000000</transCapacity>
			<edgeFrom>A29</edgeFrom>
			<edgeTo>S3</edgeTo>
			<portFrom>0</portFrom>
			<portTo>12</portTo>
			<id>109</id>
			<lid>43</lid>
			<edgeUsageDirect>-1</edgeUsageDirect>
			<edgeUsageReverse>-1</edgeUsageReverse>
			<redundancyMode>MAIN</redundancyMode>
			<duplexMode>FULL_DUPLEX</duplexMode>
		</edge>
		<edge classId="AFDXEdge" id="110" lid="44" name="L4-1" edgeType="link">
			<edgeSource nodeId="38" portNum="0"/>
			<edgeTarget nodeId="4" portNum="0"/>
			<edgeName>L4-1</edgeName>
			<transCapacity>100000000</transCapacity>
			<edgeFrom>A30</edgeFrom>
			<edgeTo>S4</edgeTo>
			<portFrom>0</portFrom>
			<portTo>0</portTo>
			<id>110</id>
			<lid>44</lid>
			<edgeUsageDirect>-1</edgeUsageDirect>
			<edgeUsageReverse>-1</edgeUsageReverse>
			<redundancyMode>MAIN</redundancyMode>
			<duplexMode>FULL_DUPLEX</duplexMode>
		</edge>
		<edge classId="AFDXEdge" id="111" lid="45" name="L4-2" edgeType="link">
			<edgeSource nodeId="39" portNum="0"/>
			<edgeTarget nodeId="4" portNum="1"/>
			<edgeName>L4-2</edgeName>
			<transCapacity>100000000</transCapacity>
			<edgeFrom>A31</edgeFrom>
			<edgeTo>S4</edgeTo>
			<portFrom>0</portFrom>
			<portTo>1</portTo>
			<id>111</id>
			<lid>45</lid>
			<edgeUsageDirect>-1</edgeUsageDirect>
			<edgeUsageReverse>-1</edgeUsageReverse>
			<redundancyMode>MAIN</redundancyMode>
			<duplexMode>FULL_DUPLEX</duplexMode>
		</edge>
		<edge classId="AFDXEdge" id="112" lid="46" name="L4-3" edgeType="link">
			<edgeSource nodeId="40" portNum="0"/>
			<edgeTarget nodeId="4" portNum="2"/>
			<edgeName>L4-3</edgeName>
			<transCapacity>100000000</transCapacity>
			<edgeFrom>A32</edgeFrom>
			<edgeTo>S4</edgeTo>
			<portFrom>0</portFrom>
			<portTo>2</portTo>
			<id>112</id>
			<lid>46</lid>
			<edgeUsageDirect>-1</edgeUsageDirect>
			<edgeUsageReverse>-1</edgeUsageReverse>
			<redundancyMode>MAIN</redundancyMode>
			<duplexMode>FULL_DUPLEX</duplexMode>
		</edge>
		<edge classId="AFDXEdge" id="113" lid="47" name="L4-4" edgeType="link">
			<edgeSource nodeId="41" portNum="0"/>
			<edgeTarget nodeId="4" portNum="3"/>
			<edgeName>L4-4</edgeName>
			<transCapacity>100000000</transCapacity>
			<edgeFrom>A33</edgeFrom>
			<edgeTo>S4</edgeTo>
			<portFrom>0</portFrom>
			<portTo>3</portTo>
			<id>113</id>
			<lid>47</lid>
			<edgeUsageDirect>-1</edgeUsageDirect>
			<edgeUsageReverse>-1</edgeUsageReverse>
			<redundancyMode>MAIN</redundancyMode>
			<duplexMode>FULL_DUPLEX</duplexMode>
		</edge>
		<edge classId="AFDXEdge" id="114" lid="48" name="L4-5" edgeType="link">
			<edgeSource nodeId="42" portNum="0"/>
			<edgeTarget nodeId="4" portNum="4"/>
			<edgeName>L4-5</edgeName>
			<transCapacity>100000000</transCapacity>
			<edgeFrom>A34</edgeFrom>
			<edgeTo>S4</edgeTo>
			<portFrom>0</portFrom>
			<portTo>4</portTo>
			<id>114</id>
			<lid>48</lid>
			<edgeUsageDirect>-1</edgeUsageDirect>
			<edgeUsageReverse>-1</edgeUsageReverse>
			<redundancyMode>MAIN</redundancyMode>
			<duplexMode>FULL_DUPLEX</duplexMode>
		</edge>
		<edge classId="AFDXEdge" id="115" lid="49" name="L4-6" edgeType="link">
			<edgeSource nodeId="43" portNum="0"/>
			<edgeTarget nodeId="4" portNum="5"/>
			<edgeName>L4-6</edgeName>
			<transCapacity>100000000</transCapacity>
			<edgeFrom>A35</edgeFrom>
			<edgeTo>S4</edgeTo>
			<portFrom>0</portFrom>
			<portTo>5</portTo>
			<id>115</id>
			<lid>49</lid>
			<edgeUsageDirect>-1</edgeUsageDirect>
			<edgeUsageReverse>-1</edgeUsageReverse>
			<redundancyMode>MAIN</redundancyMode>
			<duplexMode>FULL_DUPLEX</duplexMode>
		</edge>
		<edge classId="AFDXEdge" id="116" lid="50" name="L4-7" edgeType="link">
			<edgeSource nodeId="44" portNum="0"/>
			<edgeTarget nodeId="4" portNum="6"/>
			<edgeName>L4-7</edgeName>
			<transCapacity>100000000</transCapacity>
			<edgeFrom>A36</edgeFrom>
			<edgeTo>S4</edgeTo>
			<portFrom>0</portFrom>
			<portTo>6</portTo>
			<id>116</id>
			<lid>50</lid>
			<edgeUsageDirect>-1</edgeUsageDirect>
			<edgeUsageReverse>-1</edgeUsageReverse>
			<redundancyMode>MAIN</redundancyMode>
			<duplexMode>FULL_DUPLEX</duplexMode>
		</edge>
		<edge classId="AFDXEdge" id="117" lid="51" name="L4-8" edgeType="link">
			<edgeSource nodeId="45" portNum="0"/>
			<edgeTarget nodeId="4" portNum="7"/>
			<edgeName>L4-8</edgeName>
			<transCapacity>100000000</transCapacity>
			<edgeFrom>A37</edgeFrom>
			<edgeTo>S4</edgeTo>
			<portFrom>0</portFrom>
			<portTo>7</portTo>
			<id>117</id>
			<lid>51</lid>
			<edgeUsageDirect>-1</edgeUsageDirect>
			<edgeUsageReverse>-1</edgeUsageReverse>
			<redundancyMode>MAIN</redundancyMode>
			<duplexMode>FULL_DUPLEX</duplexMode>
		</edge>
		<edge classId="AFDXEdge" id="118" lid="52" name="L4-9" edgeType="link">
			<edgeSource nodeId="46" portNum="0"/>
			<edgeTarget nodeId="4" portNum="8"/>
			<edgeName>L4-9</edgeName>
			<transCapacity>100000000</transCapacity>
			<edgeFrom>A38</edgeFrom>
			<edgeTo>S4</edgeTo>
			<portFrom>0</portFrom>
			<portTo>8</portTo>
			<id>118</id>
			<lid>52</lid>
			<edgeUsageDirect>-1</edgeUsageDirect>
			<edgeUsageReverse>-1</edgeUsageReverse>
			<redundancyMode>MAIN</redundancyMode>
			<duplexMode>FULL_DUPLEX</duplexMode>
		</edge>
		<edge classId="AFDXEdge" id="119" lid="53" name="L4-10" edgeType="link">
			<edgeSource nodeId="47" portNum="0"/>
			<edgeTarget nodeId="4" portNum="9"/>
			<edgeName>L4-10</edgeName>
			<transCapacity>100000000</transCapacity>
			<edgeFrom>A39</edgeFrom>
			<edgeTo>S4</edgeTo>
			<portFrom>0</portFrom>
			<portTo>9</portTo>
			<id>119</id>
			<lid>53</lid>
			<edgeUsageDirect>-1</edgeUsageDirect>
			<edgeUsageReverse>-1</edgeUsageReverse>
			<redundancyMode>MAIN</redundancyMode>
			<duplexMode>FULL_DUPLEX</duplexMode>
		</edge>
		<edge classId="AFDXEdge" id="120" lid="54" name="L4-11" edgeType="link">
			<edgeSource nodeId="48" portNum="0"/>
			<edgeTarget nodeId="4" portNum="10"/>
			<edgeName>L4-11</edgeName>
			<transCapacity>100000000</transCapacity>
			<edgeFrom>A40</edgeFrom>
			<edgeTo>S4</edgeTo>
			<portFrom>0</portFrom>
			<portTo>10</portTo>
			<id>120</id>
			<lid>54</lid>
			<edgeUsageDirect>-1</edgeUsageDirect>
			<edgeUsageReverse>-1</edgeUsageReverse>
			<redundancyMode>MAIN</redundancyMode>
			<duplexMode>FULL_DUPLEX</duplexMode>
		</edge>
		<edge classId="AFDXEdge" id="121" lid="55" name="L4-12" edgeType="link">
			<edgeSource nodeId="49" portNum="0"/>
			<edgeTarget nodeId="4" portNum="11"/>
			<edgeName>L4-12</edgeName>
			<transCapacity>100000000</transCapacity>
			<edgeFrom>A41</edgeFrom>
			<edgeTo>S4</edgeTo>
			<portFrom>0</portFrom>
			<portTo>11</portTo>
			<id>121</id>
			<lid>55</lid>
			<edgeUsageDirect>-1</edgeUsageDirect>
			<edgeUsageReverse>-1</edgeUsageReverse>
			<redundancyMode>MAIN</redundancyMode>
			<duplexMode>FULL_DUPLEX</duplexMode>
		</edge>
		<edge classId="AFDXEdge" id="122" lid="56" name="L4-13" edgeType="link">
			<edgeSource nodeId="50" portNum="0"/>
			<edgeTarget nodeId="4" portNum="12"/>
			<edgeName>L4-13</edgeName>
			<transCapacity>100000000</transCapacity>
			<edgeFrom>A42</edgeFrom>
			<edgeTo>S4</edgeTo>
			<portFrom>0</portFrom>
			<portTo>12</portTo>
			<id>122</id>
			<lid>56</lid>
			<edgeUsageDirect>-1</edgeUsageDirect>
			<edgeUsageReverse>-1</edgeUsageReverse>
			<redundancyMode>MAIN</redundancyMode>
			<duplexMode>FULL_DUPLEX</duplexMode>
		</edge>
		<edge classId="AFDXEdge" id="123" lid="57" name="L7-1" edgeType="link">
			<edgeSource nodeId="51" portNum="0"/>
			<edgeTarget nodeId="7" portNum="0"/>
			<edgeName>L7-1</edgeName>
			<transCapacity>100000000</transCapacity>
			<edgeFrom>A43</edgeFrom>
			<edgeTo>S7</edgeTo>
			<portFrom>0</portFrom>
			<portTo>0</portTo>
			<id>123</id>
			<lid>57</lid>
			<edgeUsageDirect>-1</edgeUsageDirect>
			<edgeUsageReverse>-1</edgeUsageReverse>
			<redundancyMode>MAIN</redundancyMode>
			<duplexMode>FULL_DUPLEX</duplexMode>
		</edge>
		<edge classId="AFDXEdge" id="124" lid="58" name="L7-2" edgeType="link">
			<edgeSource nodeId="52" portNum="0"/>
			<edgeTarget nodeId="7" portNum="1"/>
			<edgeName>L7-2</edgeName>
			<transCapacity>100000000</transCapacity>
			<edgeFrom>A44</edgeFrom>
			<edgeTo>S7</edgeTo>
			<portFrom>0</portFrom>
			<portTo>1</portTo>
			<id>124</id>
			<lid>58</lid>
			<edgeUsageDirect>-1</edgeUsageDirect>
			<edgeUsageReverse>-1</edgeUsageReverse>
			<redundancyMode>MAIN</redundancyMode>
			<duplexMode>FULL_DUPLEX</duplexMode>
		</edge>
		<edge classId="AFDXEdge" id="125" lid="59" name="L7-3" edgeType="link">
			<edgeSource nodeId="53" portNum="0"/>
			<edgeTarget nodeId="7" portNum="2"/>
			<edgeName>L7-3</edgeName>
			<transCapacity>100000000</transCapacity>
			<edgeFrom>A45</edgeFrom>
			<edgeTo>S7</edgeTo>
			<portFrom>0</portFrom>
			<portTo>2</portTo>
			<id>125</id>
			<lid>59</lid>
			<edgeUsageDirect>-1</edgeUsageDirect>
			<edgeUsageReverse>-1</edgeUsageReverse>
			<redundancyMode>MAIN</redundancyMode>
			<duplexMode>FULL_DUPLEX</duplexMode>
		</edge>
		<edge classId="AFDXEdge" id="126" lid="60" name="L7-4" edgeType="link">
			<edgeSource nodeId="54" portNum="0"/>
			<edgeTarget nodeId="7" portNum="3"/>
			<edgeName>L7-4</edgeName>
			<transCapacity>100000000</transCapacity>
			<edgeFrom>A46</edgeFrom>
			<edgeTo>S7</edgeTo>
			<portFrom>0</portFrom>
			<portTo>3</portTo>
			<id>126</id>
			<lid>60</lid>
			<edgeUsageDirect>-1</edgeUsageDirect>
			<edgeUsageReverse>-1</edgeUsageReverse>
			<redundancyMode>MAIN</redundancyMode>
			<duplexMode>FULL_DUPLEX</duplexMode>
		</edge>
		<edge classId="AFDXEdge" id="127" lid="61" name="L7-5" edgeType="link">
			<edgeSource nodeId="55" portNum="0"/>
			<edgeTarget nodeId="7" portNum="4"/>
			<edgeName>L7-5</edgeName>
			<transCapacity>100000000</transCapacity>
			<edgeFrom>A47</edgeFrom>
			<edgeTo>S7</edgeTo>
			<portFrom>0</portFrom>
			<portTo>4</portTo>
			<id>127</id>
			<lid>61</lid>
			<edgeUsageDirect>-1</edgeUsageDirect>
			<edgeUsageReverse>-1</edgeUsageReverse>
			<redundancyMode>MAIN</redundancyMode>
			<duplexMode>FULL_DUPLEX</duplexMode>
		</edge>
		<edge classId="AFDXEdge" id="128" lid="62" name="L7-6" edgeType="link">
			<edgeSource nodeId="56" portNum="0"/>
			<edgeTarget nodeId="7" portNum="5"/>
			<edgeName>L7-6</edgeName>
			<transCapacity>100000000</transCapacity>
			<edgeFrom>A48</edgeFrom>
			<edgeTo>S7</edgeTo>
			<portFrom>0</portFrom>
			<portTo>5</portTo>
			<id>128</id>
			<lid>62</lid>
			<edgeUsageDirect>-1</edgeUsageDirect>
			<edgeUsageReverse>-1</edgeUsageReverse>
			<redundancyMode>MAIN</redundancyMode>
			<duplexMode>FULL_DUPLEX</duplexMode>
		</edge>
		<edge classId="AFDXEdge" id="129" lid="63" name="L8-1" edgeType="link">
			<edgeSource nodeId="57" portNum="0"/>
			<edgeTarget nodeId="8" portNum="0"/>
			<edgeName>L8-1</edgeName>
			<transCapacity>100000000</transCapacity>
			<edgeFrom>A49</edgeFrom>
			<edgeTo>S8</edgeTo>
			<portFrom>0</portFrom>
			<portTo>0</portTo>
			<id>129</id>
			<lid>63</lid>
			<edgeUsageDirect>-1</edgeUsageDirect>
			<edgeUsageReverse>-1</edgeUsageReverse>
			<redundancyMode>MAIN</redundancyMode>
			<duplexMode>FULL_DUPLEX</duplexMode>
		</edge>
		<edge classId="AFDXEdge" id="130" lid="64" name="L8-2" edgeType="link">
			<edgeSource nodeId="58" portNum="0"/>
			<edgeTarget nodeId="8" portNum="1"/>
			<edgeName>L8-2</edgeName>
			<transCapacity>100000000</transCapacity>
			<edgeFrom>A50</edgeFrom>
			<edgeTo>S8</edgeTo>
			<portFrom>0</portFrom>
			<portTo>1</portTo>
			<id>130</id>
			<lid>64</lid>
			<edgeUsageDirect>-1</edgeUsageDirect>
			<edgeUsageReverse>-1</edgeUsageReverse>
			<redundancyMode>MAIN</redundancyMode>
			<duplexMode>FULL_DUPLEX</duplexMode>
		</edge>
		<edge classId="AFDXEdge" id="131" lid="65" name="L8-3" edgeType="link">
			<edgeSource nodeId="59" portNum="0"/>
			<edgeTarget nodeId="8" portNum="2"/>
			<edgeName>L8-3</edgeName>
			<transCapacity>100000000</transCapacity>
			<edgeFrom>A51</edgeFrom>
			<edgeTo>S8</edgeTo>
			<portFrom>0</portFrom>
			<portTo>2</portTo>
			<id>131</id>
			<lid>65</lid>
			<edgeUsageDirect>-1</edgeUsageDirect>
			<edgeUsageReverse>-1</edgeUsageReverse>
			<redundancyMode>MAIN</redundancyMode>
			<duplexMode>FULL_DUPLEX</duplexMode>
		</edge>
		<edge classId="AFDXEdge" id="132" lid="66" name="L8-4" edgeType="link">
			<edgeSource nodeId="60" portNum="0"/>
			<edgeTarget nodeId="8" portNum="3"/>
			<edgeName>L8-4</edgeName>
			<transCapacity>100000000</transCapacity>
			<edgeFrom>A52</edgeFrom>
			<edgeTo>S8</edgeTo>
			<portFrom>0</portFrom>
			<portTo>3</portTo>
			<id>132</id>
			<lid>66</lid>
			<edgeUsageDirect>-1</edgeUsageDirect>
			<edgeUsageReverse>-1</edgeUsageReverse>
			<redundancyMode>MAIN</redundancyMode>
			<duplexMode>FULL_DUPLEX</duplexMode>
		</edge>
		<edge classId="AFDXEdge" id="133" lid="67" name="L8-5" edgeType="link">
			<edgeSource nodeId="61" portNum="0"/>
			<edgeTarget nodeId="8" portNum="4"/>
			<edgeName>L8-5</edgeName>
			<transCapacity>100000000</transCapacity>
			<edgeFrom>A53</edgeFrom>
			<edgeTo>S8</edgeTo>
			<portFrom>0</portFrom>
			<portTo>4</portTo>
			<id>133</id>
			<lid>67</lid>
			<edgeUsageDirect>-1</edgeUsageDirect>
			<edgeUsageReverse>-1</edgeUsageReverse>
			<redundancyMode>MAIN</redundancyMode>
			<duplexMode>FULL_DUPLEX</duplexMode>
		</edge>
		<edge classId="AFDXEdge" id="134" lid="68" name="L8-6" edgeType="link">
			<edgeSource nodeId="62" portNum="0"/>
			<edgeTarget nodeId="8" portNum="5"/>
			<edgeName>L8-6</edgeName>
			<transCapacity>100000000</transCapacity>
			<edgeFrom>A54</edgeFrom>
			<edgeTo>S8</edgeTo>
			<portFrom>0</portFrom>
			<portTo>5</portTo>
			<id>134</id>
			<lid>68</lid>
			<edgeUsageDirect>-1</edgeUsageDirect>
			<edgeUsageReverse>-1</edgeUsageReverse>
			<redundancyMode>MAIN</redundancyMode>
			<duplexMode>FULL_DUPLEX</duplexMode>
		</edge>
	</graph>
</graphml>